Workbook

Sheet 入力
C1: 3A | F1: 3B | I1: 2A | M1: 2B | Q1: 2C | U1: 1A | Y1: 1B | AC1: 1C | AG1: 1D | AK1: 1E | AO1: 攻城戦
B2: 日 | C2: デルニール農場 | I2: 略奪の森 | M2: 忘却の地 | U2: ナーガ沼地 | Y2: 旧ダンデリオン | AC2: 捨てられた地 | AG2: ベア川下流 | AK2: アルティノ入り口 | AO2: カルフェオン | AR2: バレンシア
B3: 月 | C3: ルツム族駐屯地 | F3: アト農場 | I3: ベリア農場地帯 | M3: ギュントの丘 | Q3: 高原地帯 | U3: 隠遁の森 | Y3: エワズの丘 | AC3: 廃城跡入り口 | AG3: カイア渡し場 | AK3: カズラ農場
B4: 木 | C4: 北部大農場 | I4: トロル防御基地 | M4: 隠された修道院 | Q4: マルニの第2実験場 | U4: アグリス平原 | Y4: リンチ農場廃墟 | AC4: ブレディー砦 | AG4: エントの森 | AK4: クリオ村
B5: 金 | C5: アグリス祭壇 | I5: ナーガ抽出場 | M5: オークキャンプ | U5: 北部採石場 | Y5: ハーピーの絶壁 | AC5: ブリの森 | AG5: マンシャの森の奥 | AK5: 廃鉄鉱山採掘場
A6: 45887 | C6: 勝利ギルド | D6: 対戦 | E6: 宴会 | F6: 勝利ギルド | G6: 対戦 | H6: 宴会 | I6: 勝利ギルド | J6: 対戦 | K6: 統一 | L6: 宴会 | M6: 勝利ギルド | N6: 対戦 | O6: 統一 | P6: 宴会 | Q6: 勝利ギルド | R6: 対戦 | S6: 統一 | T6: 宴会 | U6: 勝利ギルド | V6: 対戦 | W6: 統一 | X6: 宴会 | Y6: 勝利ギルド | Z6: 対戦 | AA6: 統一 | AB6: 宴会 | AC6: 勝利ギルド | AD6: 対戦 | AE6: 統一 | AF6: 宴会 | AG6: 勝利ギルド | AH6: 対戦 | AI6: 統一 | AJ6: 宴会 | AK6: 勝利ギルド | AL6: 対戦 | AM6: 統一 | AN6: 宴会 | AO6: 勝利 | AP6: 攻城1 | AQ6: 攻城2 | AR6: 勝利 | AS6: 攻城1 | AT6: 攻城2
A7: =A6+1 -> 45888 | B7: 火
A8: =A7+1 -> 45889 | B8: 水
A9: =A8+1 -> 45890 | B9: 木 | C9: RaиkSS | D9: 4 | E9: 宴会 | I9: AlmaVivaJP | J9: 4 | K9: - | L9: - | M9: PONYTAIL | N9: 5 | O9: - | P9: - | Q9: TheUniverse | R9: 2 | S9: - | T9: - | U9: C0BRA | V9: 5 | W9: 統一 | X9: 宴会 | Y9: Anino | Z9: 2 | AA9: - | AB9: - | AC9: SkyCastle | AD9: 3 | AE9: - | AF9: - | AG9: TipsyTavern | AH9: 3 | AI9: - | AJ9: - | AK9: UnityJP | AL9: 3 | AM9: - | AN9: -
A10: =A9+1 -> 45891 | B10: 金 | C10: PONYTAIL | D10: 5 | E10: - | I10: MystSA | J10: 2 | K10: - | L10: - | M10: Anino | N10: 3 | O10: - | P10: - | U10: ひよこ座流星群 | V10: 5 | W10: - | X10: - | Y10: REGENCY彡 | Z10: 3 | AA10: - | AB10: - | AC10: Kopitiam | AD10: 3 | AE10: - | AF10: - | AG10: Maverickz | AH10: 3 | AI10: - | AJ10: - | AK10: ーArchー | AL10: 3 | AM10: - | AN10: 宴会
A11: =A10+1 -> 45892 | B11: 土 | AO11: PONYTAIL | AP11: MystSA | AQ11: AlmaVivaJP | AR11: RaиkSS | AS11: Anino | AT11: TheUniverse
A12: =A11+1 -> 45893 | B12: 日 | C12: MystSA | E12: - | I12: 氣噗噗讓玻璃心碎一地 | K12: - | L12: - | M12: AlmaVivaJP | O12: - | P12: - | U12: 一DEFlANCE | W12: 統一 | X12: - | Y12: シェイド | AA12: 統一 | AB12: - | AC12: PokemonGo | AE12: - | AF12: 宴会 | AG12: UnityJP | AI12: - | AJ12: - | AK12: ーArchー | AM12: - | AN12: -
A13: =A12+1 -> 45894 | B13: 月 | C13: TRAITORs | E13: - | F13: ーリベリオンー | H13: - | I13: PokemonGo | K13: - | L13: 宴会 | M13: VainqueurJP | O13: - | P13: - | Q13: 殺戮THM | S13: - | T13: - | U13: Restart | W13: - | X13: - | Y13: 一惡人谷一 | AA13: 統一 | AB13: 宴会 | AC13: DoraemonSA | AE13: - | AF13: - | AG13: シェイド | AI13: - | AJ13: 宴会 | AK13: SkyCastle | AM13: - | AN13: -
A14: =A13+1 -> 45895 | B14: 火
A15: =A14+1 -> 45896 | B15: 水
A16: =A15+1 -> 45897 | B16: 木 | C16: MystSA | E16: - | I16: 黒の太陽 | K16: - | L16: - | M16: 桜吹雪 | O16: - | P16: 宴会 | Q16: TheUniverse | S16: - | T16: - | U16: Revenant | W16: - | X16: - | Y16: xAEGISx | AA16: 統一 | AB16: - | AC16: SkyCastle | AE16: - | AF16: 宴会 | AG16: LeLien | AI16: - | AJ16: - | AK16: 海尼根飲酒俱樂部 | AM16: - | AN16: 宴会
A17: =A16+1 -> 45898 | B17: 金 | C17: LeLien | E17: 宴会 | I17: MÏRÃGË | K17: 統一 | L17: - | M17: 沙漠黑鷹 | O17: - | P17: - | U17: TheEnd | W17: - | X17: 宴会 | Y17: シェイド | AA17: - | AB17: - | AC17: M三OW | AE17: 統一 | AF17: - | AG17: Maverickz | AI17: 統一 | AJ17: - | AK17: 一DEFlANCE | AM17: 統一 | AN17: -
A18: =A17+1 -> 45899 | B18: 土 | AO18: AlmaVivaJP | AR18: TRAITORs
A19: =A18+1 -> 45900 | B19: 日 | C19: ーリベリオンー | E19: 宴会 | I19: 氣噗噗讓玻璃心碎一地 | K19: - | L19: 宴会 | M19: PONYTAIL | O19: - | P19: - | U19: SkyCastle | W19: - | X19: 宴会 | Y19: PhoenixJP | AA19: - | AB19: - | AC19: オアシスステップ | AE19: - | AF19: - | AG19: ouтcasт | AI19: 統一 | AJ19: - | AK19: ーArchー | AM19: 統一 | AN19: -
A20: =A19+1 -> 45901 | B20: 月 | C20: 廣寒宮 | E20: 宴会 | F20: LeLien | H20: 宴会 | I20: 氣噗噗讓玻璃心碎一地 | K20: - | L20: - | M20: VainqueurJP | O20: - | P20: - | Q20: RaиkSS | S20: - | T20: - | U20: Relax | W20: - | X20: - | Y20: 花落微雨醉紅塵 | AA20: - | AB20: - | AC20: xAEGISx | AE20: - | AF20: - | AG20: シェイド | AI20: - | AJ20: - | AK20: Bagaиі | AM20: 統一 | AN20: 宴会
A21: =A20+1 -> 45902 | B21: 火
A22: =A21+1 -> 45903 | B22: 水
A23: =A22+1 -> 45904 | B23: 木 | C23: MystSA | E23: - | I23: xAEGISx | K23: 統一 | L23: 宴会 | M23: 雪狼族 | O23: - | P23: - | Q23: PhoenixJP | S23: - | T23: - | U23: βυsнỉȉdo家族 | W23: 統一 | X23: - | Y23: 一惡人谷一 | AA23: - | AB23: 宴会 | AC23: ねこ | AE23: 統一 | AF23: - | AG23: SkyCastle | AI23: - | AJ23: 宴会 | AK23: Maverickz | AM23: - | AN23: -
A24: =A23+1 -> 45905 | B24: 金 | C24: LeLien | E24: - | I24: Döraêmön | K24: - | L24: 宴会 | M24: ・殺戮・ | O24: - | P24: - | U24: TheEnd | W24: 統一 | X24: - | Y24: オアシスステップ | AA24: - | AB24: 宴会 | AC24: ーEspoirー | AE24: - | AF24: 宴会 | AG24: RëBîrth | AI24: - | AJ24: - | AK24: 一DEFlANCE | AM24: - | AN24: -
A25: =A24+1 -> 45906 | B25: 土
A26: =A25+1 -> 45907 | B26: 日 | C26: xAEGISx | E26: - | I26: PokemonGo | K26: - | L26: - | M26: RaиkSS | O26: - | P26: 宴会 | U26: 亗Luxúria亗 | W26: 統一 | X26: - | Y26: PhoenixJP | AA26: 統一 | AB26: - | AC26: オアシスステップ | AE26: 統一 | AF26: - | AG26: Restart | AI26: - | AJ26: - | AK26: UnityJP | AM26: - | AN26: 宴会
A27: =A26+1 -> 45908 | B27: 月 | C27: 雪狼族 | E27: 宴会 | F27: PhoenixJP | H27: - | I27: 氣噗噗讓玻璃心碎一地 | K27: - | L27: 宴会 | M27: AlmaVivaJP | O27: - | P27: - | Q27: Maverickz | S27: - | T27: - | U27: Relax | W27: - | X27: - | Y27: 花落微雨醉紅塵 | AA27: 統一 | AB27: - | AC27: 天機 | AE27: - | AF27: 宴会 | AG27: シェイド | AI27: - | AJ27: 宴会 | AK27: ーArchー | AM27: - | AN27: -
A28: =A27+1 -> 45909 | B28: 火
A29: =A28+1 -> 45910 | B29: 水
A30: =A29+1 -> 45911 | B30: 木 | C30: MystSA | E30: 宴会 | I30: ー麒麟ー | K30: - | L30: - | M30: ・殺戮・ | O30: - | P30: - | Q30: Иouver | S30: - | T30: 宴会 | U30: 亗Luxúria亗 | W30: - | X30: 宴会 | Y30: Anino | AA30: 統一 | AB30: - | AC30: 沙漠黑鷹 | AE30: - | AF30: - | AI30: - | AJ30: - | AK30: シェイド | AM30: - | AN30: -
A31: =A30+1 -> 45912 | B31: 金 | C31: ーリベリオンー | E31: 宴会 | I31: VainqueurJP | K31: - | L31: - | M31: SkyCastle | O31: - | P31: - | U31: 桜吹雪 | W31: - | X31: - | Y31: 黒の太陽 | AA31: - | AB31: - | AC31: Kopitiam | AE31: 統一 | AF31: - | AG31: RëBîrth | AI31: 統一 | AJ31: 宴会 | AK31: 一DEFlANCE | AM31: 統一 | AN31: 宴会
A32: =A31+1 -> 45913 | B32: 土
A33: =A32+1 -> 45914 | B33: 日 | C33: 沙漠黑鷹 | E33: 宴会 | I33: PokemonGo | K33: - | L33: 宴会 | M33: RaиkSS | O33: - | P33: - | U33: βυsнỉȉdo家族 | W33: 統一 | X33: - | Y33: ーArchー | AA33: 統一 | AB33: - | AC33: Anino | AE33: - | AF33: 宴会 | AG33: 磯野家 | AI33: - | AJ33: - | AK33: MÏRÃGË | AM33: - | AN33: -
A34: =A33+1 -> 45915 | B34: 月 | C34: ・殺戮・ | E34: 宴会 | F34: LeLien | I34: PONYTAIL | K34: - | L34: 宴会 | M34: ーArchー | O34: - | P34: - | Q34: Maverickz | S34: 統一 | T34: - | U34: ZirconiA | W34: - | X34: - | Y34: TheUniverse | AA34: - | AB34: - | AC34: xAEGISx | AE34: 統一 | AF34: 宴会 | AG34: 一惡人谷一 | AI34: - | AJ34: 宴会 | AK34: 彡MukBANG彡 | AM34: 統一 | AN34: -
A35: =A34+1 -> 45916 | B35: 火
A36: =A35+1 -> 45917 | B36: 水
A37: =A36+1 -> 45918 | B37: 木 | C37: PONYTAIL | E37: - | I37: ー麒麟ー | K37: - | L37: - | M37: 桜吹雪 | O37: - | P37: - | Q37: 雪狼族 | S37: - | T37: - | U37: 亗Luxúria亗 | W37: - | X37: - | Y37: 心晴 | AA37: - | AB37: - | AC37: TheUniverse | AE37: - | AF37: 宴会 | AG37: TipsyTavern | AI37: 統一 | AJ37: - | AK37: Döraêmön | AM37: 統一 | AN37: 宴会
A38: =A37+1 -> 45919 | B38: 金 | C38: PhoenixJP | E38: - | I38: VainqueurJP | K38: - | L38: - | M38: RaиkSS | O38: - | P38: 宴会 | U38: TheEnd | W38: 統一 | X38: 宴会 | Y38: 黒の太陽 | AA38: - | AB38: - | AC38: Kopitiam | AE38: - | AF38: - | AG38: RëBîrth | AI38: - | AJ38: - | AK38: 一DEFlANCE | AM38: - | AN38: -
A39: =A38+1 -> 45920 | B39: 土
A40: =A39+1 -> 45921 | B40: 日 | C40: ・殺戮・ | E40: 宴会 | I40: MystSA | K40: - | L40: 宴会 | M40: ZirconiA | O40: - | P40: - | U40: βυsнỉȉdo家族 | W40: 統一 | X40: - | Y40: シェイド | AA40: 統一 | AB40: - | AC40: Anino | AE40: - | AF40: 宴会 | AG40: 義勇 | AI40: - | AJ40: - | AM40: - | AN40: -
A41: =A40+1 -> 45922 | B41: 月 | C41: 雪狼族 | F41: VainqueurJP | I41: 氣噗噗讓玻璃心碎一地 | M41: ーArchー | Q41: TheEnd | U41: Revenant | Y41: SkyCastle | AC41: xAEGISx | AG41: 一惡人谷一 | AK41: Restart
A42: =A41+1 -> 45923 | B42: 火
A43: =A42+1 -> 45924 | B43: 水
A44: =A43+1 -> 45925 | B44: 木 | C44: PhoenixJP | I44: LeLien | M44: Restart | Q44: Maverickz | U44: 亗Luxúria亗 | Y44: 雲淡風輕o | AC44: MelonEmpire | AG44: 沙漠黑鷹 | AK44: FLORISTS
A45: =A44+1 -> 45926 | B45: 金 | C45: ーリベリオンー | I45: Maverickz | U45: 磯野家 | Y45: オアシスステップ | AC45: SkyCastle | AK45: 一DEFlANCE
A46: =A45+1 -> 45927 | B46: 土
A47: =A46+1 -> 45928 | B47: 日 | C47: 沙漠黑鷹 | I47: Etërnîty | M47: TheUniverse | U47: βυsнỉȉdo家族 | Y47: シェイド | AC47: Anino | AG47: 義勇 | AK47: ーEspoirー
A48: =A47+1 -> 45929 | B48: 月 | C48: PONYTAIL | F48: VainqueurJP | I48: 氣噗噗讓玻璃心碎一地 | M48: PhoenixJP | Q48: RaиkSS | U48: Pandora | Y48: MukBANG | AC48: xAEGISx | AG48: 一惡人谷一 | AK48: RëBîrth
A49: =A48+1 -> 45930 | B49: 火
A50: =A49+1 -> 45931 | B50: 水
A51: =A50+1 -> 45932 | B51: 木 | C51: RaиkSS | I51: シェイド | M51: UprisE | Q51: 雪狼族 | U51: 亗Luxúria亗 | Y51: オアシスステップ | AC51: Anino | AG51: SERENITY
A52: =A51+1 -> 45933 | B52: 金 | C52: シェイド | I52: MystSA | M52: ・殺戮・ | U52: 義勇 | Y52: 毛家村 | AC52: ZirconiA | AG52: ーArchー | AK52: Restart
A53: =A52+1 -> 45934 | B53: 土
A54: =A53+1 -> 45935 | B54: 日 | C54: 沙漠黑鷹 | I54: Etërnîty | M54: Döraêmön | U54: βυsнỉȉdo家族 | Y54: xAEGISx | AC54: Astrklotho | AG54: TheEnd | AK54: Revenant
A55: =A54+1 -> 45936 | B55: 月 | C55: PONYTAIL | E55: 宴会 | F55: VainqueurJP | I55: 氣噗噗讓玻璃心碎一地 | L55: 宴会 | M55: AlmaVivaJP | O55: - | P55: - | Q55: ・殺戮・ | S55: - | T55: - | U55: TheUniverse | W55: - | X55: 宴会 | Y55: SkyCastle | AA55: - | AB55: - | AC55: MÏRÃGË | AE55: 統一 | AF55: - | AG55: ー麒麟ー | AI55: 統一 | AJ55: 宴会 | AK55: ーEspoirー | AM55: 統一 | AN55: -
A56: =A55+1 -> 45937 | B56: 火
A57: =A56+1 -> 45938 | B57: 水
A58: =A57+1 -> 45939 | B58: 木 | C58: PONYTAIL | E58: - | I58: xAEGISx | K58: - | L58: - | M58: UprisE | O58: 統一 | P58: - | Q58: 雪狼族 | S58: - | T58: 宴会 | U58: 亗Luxúria亗 | W58: 統一 | X58: - | Y58: 雲淡風輕o | AA58: - | AB58: - | AC58: ーArchー | AE58: - | AF58: 宴会 | AG58: 一DEFlANCE | AI58: 統一 | AJ58: - | AK58: SkyCastle | AM58: - | AN58: 宴会
A59: =A58+1 -> 45940 | B59: 金 | C59: ーリベリオンー | E59: - | I59: MystSA | K59: - | L59: - | M59: ・殺戮・ | O59: - | P59: 宴会 | U59: TheEnd | W59: 統一 | X59: - | Y59: ーArchー | AA59: - | AB59: - | AC59: 一惡人谷一 | AE59: - | AF59: - | AG59: RëBîrth | AI59: - | AJ59: - | AK59: Restart | AM59: - | AN59: -
A60: =A59+1 -> 45941 | B60: 土
A61: =A60+1 -> 45942 | B61: 日 | C61: 毛家村 | E61: - | I61: Anino | K61: - | L61: - | M61: PokemonGo | O61: - | P61: - | U61: βυsнỉȉdo家族 | W61: 統一 | X61: - | Y61: ーEspoirー | AA61: - | AB61: - | AC61: オアシスステップ | AE61: - | AF61: - | AG61: RaиkSS | AI61: - | AJ61: 宴会 | AK61: UnityJP | AM61: - | AN61: -
A62: =A61+1 -> 45943 | B62: 月 | C62: PONYTAIL | E62: - | F62: VainqueurJP | I62: 氣噗噗讓玻璃心碎一地 | K62: 統一 | L62: - | M62: RaиkSS | O62: - | P62: - | Q62: 海洋之心 | S62: - | T62: - | U62: PARMESAN | W62: 統一 | X62: - | Y62: 彡MukBANG彡 | AA62: 統一 | AB62: - | AC62: LeLien | AE62: - | AF62: 宴会 | AG62: ーArchー | AI62: - | AJ62: - | AK62: Restart | AM62: - | AN62: -
A63: =A62+1 -> 45944 | B63: 火
A64: =A63+1 -> 45945 | B64: 水
A65: =A64+1 -> 45946 | B65: 木 | C65: RaиkSS | E65: 宴会 | I65: ー麒麟ー | K65: - | L65: - | M65: 義勇 | O65: - | P65: 宴会 | Q65: MystSA | S65: - | T65: - | U65: 亗Luxúria亗 | W65: - | X65: - | Y65: 雲淡風輕o | AA65: - | AB65: 宴会 | AC65: kaioken | AE65: 統一 | AF65: - | AG65: ーEspoirー | AI65: - | AJ65: 宴会 | AK65: MÏRÃGË | AM65: 統一 | AN65: -
A66: =A65+1 -> 45947 | B66: 金 | C66: LeLien | E66: 宴会 | I66: 東京熱株式會社 | K66: - | L66: 宴会 | M66: ・殺戮・ | O66: - | P66: - | W66: - | X66: - | Y66: Etërnîty | AA66: - | AB66: 宴会 | AC66: 一惡人谷一 | AE66: 統一 | AF66: - | AG66: TheUniverse | AI66: - | AJ66: - | AK66: 桜吹雪 | AM66: 統一 | AN66: -
A67: =A66+1 -> 45948 | B67: 土
A68: =A67+1 -> 45949 | B68: 日 | C68: 沙漠黑鷹 | E68: - | I68: Anino | K68: - | L68: 宴会 | M68: PokemonGo | O68: - | P68: - | U68: βυsнỉȉdo家族 | W68: - | X68: 宴会 | Y68: シェイド | AA68: - | AB68: - | AC68: Relax | AE68: - | AF68: 宴会 | AG68: 柿一門 | AI68: - | AJ68: - | AK68: Döraêmön | AM68: 統一 | AN68: -
A69: =A68+1 -> 45950 | B69: 月 | C69: PONYTAIL | E69: 宴会 | F69: VainqueurJP | H69: - | I69: 氣噗噗讓玻璃心碎一地 | K69: - | L69: - | M69: ・殺戮・ | O69: - | P69: 宴会 | Q69: 雪狼族 | S69: - | T69: - | U69: Revenant | W69: - | X69: - | Y69: 彡MukBANG彡 | AA69: - | AB69: 宴会 | AC69: Demise | AE69: 統一 | AF69: - | AG69: シェイド | AI69: 統一 | AJ69: - | AK69: Restart | AM69: - | AN69: 宴会
A70: =A69+1 -> 45951 | B70: 火
A71: =A70+1 -> 45952 | B71: 水
A72: =A71+1 -> 45953 | B72: 木 | C72: RaиkSS | E72: - | I72: FLORISTS | K72: - | L72: 宴会 | M72: 義勇 | O72: - | P72: - | Q72: MystSA | S72: 統一 | T72: - | U72: 亗Luxúria亗 | W72: - | X72: 宴会 | Y72: 雲淡風輕o | AA72: 統一 | AB72: - | AC72: Maverickz | AE72: - | AF72: - | AG72: ーEspoirー | AI72: 統一 | AJ72: - | AK72: ーArchー | AM72: - | AN72: -
A73: =A72+1 -> 45954 | B73: 金 | C73: FLORISTS | E73: - | I73: 東京熱株式會社 | K73: - | L73: - | M73: 毛家村 | O73: - | P73: - | U73: 月下の集い | W73: - | X73: - | Y73: オアシスステップ | AA73: 統一 | AB73: - | AC73: 一惡人谷一 | AE73: - | AF73: 宴会 | AG73: TheUniverse | AI73: 統一 | AJ73: - | AK73: ーEspoirー | AM73: - | AN73: 宴会
A74: =A73+1 -> 45955 | B74: 土
A75: =A74+1 -> 45956 | B75: 日 | C75: 沙漠黑鷹 | E75: 宴会 | I75: PhoenixJP | K75: - | L75: - | M75: PokemonGo | O75: - | P75: 宴会 | U75: βυsнỉȉdo家族 | W75: - | X75: - | Y75: Astrklotho | AA75: - | AB75: - | AC75: オアシスステップ | AE75: - | AF75: - | AG75: 海尼根飲酒俱樂部 | AI75: 統一 | AJ75: - | AK75: UnityJP | AM75: - | AN75: 宴会
A76: =A75+1 -> 45957 | B76: 月 | C76: PONYTAIL | E76: - | F76: VainqueurJP | H76: 宴会 | I76: 氣噗噗讓玻璃心碎一地 | K76: - | L76: 宴会 | M76: ・殺戮・ | O76: - | P76: - | Q76: Maverickz | U76: Pandora | W76: - | X76: 宴会 | Y76: SkyCastle | AA76: - | AB76: - | AC76: Anino | AE76: - | AF76: - | AG76: ーArchー | AI76: - | AJ76: 宴会 | AK76: Иouver | AM76: 統一 | AN76: -
A77: =A76+1 -> 45958 | B77: 火
A78: =A77+1 -> 45959 | B78: 水
A79: =A78+1 -> 45960 | B79: 木 | C79: RaиkSS | E79: 宴会 | I79: 雪狼族 | K79: - | L79: - | M79: ZirconiA | O79: - | P79: - | Q79: MystSA | U79: 亗Luxúria亗 | W79: - | X79: - | Y79: 雲淡風輕o | AA79: - | AB79: - | AC79: Döraêmön | AE79: 統一 | AF79: - | AG79: ーEspoirー | AI79: - | AJ79: - | AK79: 天機 | AM79: - | AN79: -
A80: =A79+1 -> 45961 | B80: 金 | C80: ーリベリオンー | E80: - | I80: PhoenixJP | K80: - | L80: - | M80: 毛家村 | O80: 統一 | P80: 宴会 | U80: TheEnd | W80: 統一 | X80: - | Y80: オアシスステップ | AA80: - | AB80: - | AC80: 一惡人谷一 | AE80: - | AF80: - | AG80: TheUniverse | AI80: - | AJ80: 宴会 | AK80: Иouver | AM80: - | AN80: -
A81: =A80+1 -> 45962 | B81: 土
A82: =A81+1 -> 45963 | B82: 日 | C82: ・殺戮・ | E82: - | I82: AlmaVivaJP | K82: - | L82: - | M82: TRAITORs | O82: - | P82: - | U82: 彡MukBANG彡 | W82: 統一 | X82: - | Y82: ーEspoirー | AA82: 統一 | AB82: 宴会 | AC82: Anino | AE82: 統一 | AF82: - | AG82: 磯野家 | AI82: - | AJ82: 宴会 | AK82: UnityJP | AM82: - | AN82: -
A83: =A82+1 -> 45964 | B83: 月 | C83: 沙漠黑鷹 | E83: - | F83: VainqueurJP | I83: 氣噗噗讓玻璃心碎一地 | K83: - | L83: - | M83: Döraêmön | O83: 統一 | P83: - | Q83: Maverickz | S83: - | T83: - | U83: 桜吹雪 | W83: - | X83: - | Y83: SkyCastle | AA83: 統一 | AB83: - | AC83: UnityJP | AE83: - | AF83: 宴会 | AG83: ーArchー | AI83: - | AJ83: - | AK83: xAEGISx | AM83: - | AN83: -
A84: =A83+1 -> 45965 | B84: 火
A85: =A84+1 -> 45966 | B85: 水
A86: =A85+1 -> 45967 | B86: 木 | C86: ・殺戮・ | E86: - | I86: シェイド | K86: - | L86: - | M86: 桜吹雪 | O86: - | P86: 宴会 | Q86: MystSA | S86: - | T86: 宴会 | U86: Restart | W86: - | X86: - | Y86: MÏRÃGË | AA86: 統一 | AB86: - | AC86: SkyCastle | AE86: - | AF86: - | AG86: ーEspoirー | AI86: - | AJ86: 宴会 | AK86: ーArchー | AM86: - | AN86: 宴会
A87: =A86+1 -> 45968 | B87: 金 | C87: LeLien | E87: 宴会 | I87: PhoenixJP | K87: - | L87: 宴会 | M87: 雪狼族 | O87: - | P87: - | U87: ひよこりあ | W87: - | X87: 宴会 | Y87: オアシスステップ | AA87: - | AB87: 宴会 | AC87: 一惡人谷一 | AE87: 統一 | AF87: - | AG87: TheUniverse | AI87: 統一 | AJ87: - | AK87: 亗Luxúria亗 | AM87: 統一 | AN87: -
A88: =A87+1 -> 45969 | B88: 土
A89: =A88+1 -> 45970 | B89: 日 | C89: 沙漠黑鷹 | E89: 宴会 | I89: AlmaVivaJP | K89: - | L89: - | M89: PONYTAIL | O89: - | P89: - | U89: βυsнỉȉdo家族 | W89: - | X89: - | Y89: Astrklotho | AA89: - | AB89: - | AC89: TheUniverse | AE89: - | AF89: 宴会 | AG89: 義勇 | AI89: 統一 | AJ89: - | AK89: Revenant | AM89: 統一 | AN89: -
A90: =A89+1 -> 45971 | B90: 月 | C90: RaиkSS | E90: 宴会 | F90: 雪狼族 | I90: AlmaVivaJP | K90: - | L90: - | M90: ーリベリオンー | O90: - | P90: 宴会 | Q90: Maverickz | S90: - | T90: - | U90: Pandora | W90: - | X90: - | Y90: SkyCastle | AA90: - | AB90: 宴会 | AC90: UnityJP | AE90: 統一 | AF90: - | AG90: ひよこりあ | AI90: 統一 | AJ90: - | AK90: xAEGISx | AM90: - | AN90: 宴会
A91: =A90+1 -> 45972 | B91: 火
A92: =A91+1 -> 45973 | B92: 水
A93: =A92+1 -> 45974 | B93: 木 | C93: 毛家村 | E93: - | I93: PhoenixJP | K93: - | L93: 宴会 | M93: 柿一門 | O93: - | P93: - | Q93: MystSA | U93: Restart | W93: - | X93: - | Y93: 雲淡風輕o | AA93: - | AB93: 宴会 | AC93: 彡MukBANG彡 | AE93: - | AF93: - | AG93: ーEspoirー | AI93: 統一 | AJ93: - | AK93: 亗Luxúria亗 | AM93: 統一 | AN93: -
A94: =A93+1 -> 45975 | B94: 金 | C94: 殺戮THM | E94: - | I94: Döraêmön | K94: 統一 | L94: - | M94: TheUniverse | O94: - | P94: - | U94: 黒の太陽 | W94: - | X94: - | Y94: オアシスステップ | AA94: 統一 | AB94: - | AC94: 一惡人谷一 | AE94: - | AF94: 宴会 | AG94: ーArchー | AI94: - | AJ94: - | AM94: - | AN94: 宴会
A95: =A94+1 -> 45976 | B95: 土
A96: =A95+1 -> 45977 | B96: 日 | C96: 沙漠黑鷹 | E96: - | I96: 氣噗噗讓玻璃心碎一地 | K96: - | L96: 宴会 | M96: TRAITORs | O96: - | P96: - | U96: βυsнỉȉdo家族 | W96: 統一 | X96: 宴会 | Y96: Astrklotho | AA96: - | AB96: - | AC96: SkyCastle | AE96: 統一 | AF96: - | AG96: 義勇 | AI96: - | AJ96: - | AK96: MÏRÃGË | AM96: - | AN96: -
A97: =A96+1 -> 45978 | B97: 月 | C97: PokemonGo | E97: - | F97: 雪狼族 | I97: AlmaVivaJP | K97: - | L97: 宴会 | M97: ーリベリオンー | O97: - | P97: - | Q97: Maverickz | S97: - | T97: - | U97: Revenant | W97: - | X97: 宴会 | Y97: Restart | AA97: - | AB97: - | AC97: UnityJP | AE97: - | AF97: - | AG97: LeLien | AI97: - | AJ97: - | AK97: xAEGISx | AM97: 統一 | AN97: -
A98: =A97+1 -> 45979 | B98: 火
A99: =A98+1 -> 45980 | B99: 水
A100: =A99+1 -> 45981 | B100: 木 | C100: PONYTAIL | E100: 宴会 | I100: Anino | K100: 統一 | L100: - | M100: 黒の太陽 | O100: - | P100: - | Q100: MystSA | S100: - | T100: - | U100: C0BRA | W100: 統一 | X100: 宴会 | Y100: xAEGISx | AA100: - | AB100: - | AC100: 彡MukBANG彡 | AE100: 統一 | AF100: - | AG100: ーEspoirー | AI100: - | AJ100: - | AK100: Astrklotho | AM100: - | AN100: -
...

Sheet 税収
B2: 45886 | C2: 22時 | D2: 城塞 | E2: 枠 | F2: 人数 | G2: 統一 | H2: 宴会 | I2: 税 | J2: 保有 | K2: =B2+1 -> 45887 | L2: 22時 | M2: 種別 | N2: 枠 | O2: 人数 | P2: 統一 | Q2: 宴会 | R2: 税 | S2: 保有 | T2: =K2+3 -> 45890 | U2: 22時 | V2: 種別 | W2: 枠 | X2: 人数 | Y2: 統一 | Z2: 宴会 | AA2: 税 | AB2: 保有 | AC2: =T2+1 -> 45891 | AD2: 22時 | AE2: 種別 | AF2: 枠 | AG2: 人数 | AH2: 統一 | AI2: 宴会 | AJ2: 税 | AK2: 保有
B3: デルニール農場 | C3: {=_xludf.XLOOKUP(B3,計算用!$R$2:$R$36,計算用!$S$2:$S$36)<>19} -> #NAME? | D3: {=_xludf.XLOOKUP(B3,計算用!$R:$R,計算用!$W:$W)} -> #NAME? | E3: {=_xludf.XLOOKUP(B3,計算用!$R:$R,計算用!$Y:$Y)} -> #NAME? | F3: {=_xludf.XLOOKUP(B3,計算用!$R:$R,計算用!$X:$X)} -> #NAME? | G3: - | H3: {=_xludf.XLOOKUP(B2,DB!$A:$A,DB!$F:$F)} -> #NAME? | I3: {=_xludf.XLOOKUP(B2,DB!$A:$A,DB!$G:$G)} -> #NAME? | J3: {=IF(_xludf.IFNA(I3=0,TRUE),_xludf.XLOOKUP(B2-7,DB!$A:$A,DB!$C:$C),計算用!$C$4)} -> #NAME? | K3: ルツム族駐屯地 | L3: {=_xludf.XLOOKUP(K3,計算用!$R$2:$R$36,計算用!$S$2:$S$36)<>19} -> #NAME? | M3: {=_xludf.XLOOKUP(K3,計算用!$R:$R,計算用!$W:$W)} -> #NAME? | N3: {=_xludf.XLOOKUP(K3,計算用!$R:$R,計算用!$Y:$Y)} -> #NAME? | O3: {=_xludf.XLOOKUP(K3,計算用!$R:$R,計算用!$X:$X)} -> #NAME? | P3: - | Q3: {=_xludf.XLOOKUP(K2,DB!$A:$A,DB!$F:$F)} -> #NAME? | R3: {=_xludf.XLOOKUP(K2,DB!$A:$A,DB!$G:$G)} -> #NAME? | S3: {=IF(_xludf.IFNA(R3=0,TRUE),_xludf.XLOOKUP(K2-7,DB!$A:$A,DB!$C:$C),計算用!$C$4)} -> #NAME? | T3: 北部大農場 | U3: {=_xludf.XLOOKUP(T3,計算用!$R$2:$R$36,計算用!$S$2:$S$36)<>19} -> #NAME? | V3: {=_xludf.XLOOKUP(T3,計算用!$R:$R,計算用!$W:$W)} -> #NAME? | W3: {=_xludf.XLOOKUP(T3,計算用!$R:$R,計算用!$Y:$Y)} -> #NAME? | X3: {=_xludf.XLOOKUP(T3,計算用!$R:$R,計算用!$X:$X)} -> #NAME? | Y3: - | Z3: {=_xludf.XLOOKUP(T2,DB!$A:$A,DB!$F:$F)} -> #NAME? | AA3: {=_xludf.XLOOKUP(T2,DB!$A:$A,DB!$G:$G)} -> #NAME? | AB3: {=IF(_xludf.IFNA(AA3=0,TRUE),_xludf.XLOOKUP(T2-7,DB!$A:$A,DB!$C:$C),計算用!$C$4)} -> #NAME? | AC3: アグリス祭壇 | AD3: {=_xludf.XLOOKUP(AC3,計算用!$R$2:$R$36,計算用!$S$2:$S$36)<>19} -> #NAME? | AE3: {=_xludf.XLOOKUP(AC3,計算用!$R:$R,計算用!$W:$W)} -> #NAME? | AF3: {=_xludf.XLOOKUP(AC3,計算用!$R:$R,計算用!$Y:$Y)} -> #NAME? | AG3: {=_xludf.XLOOKUP(AC3,計算用!$R:$R,計算用!$X:$X)} -> #NAME? | AH3: - | AI3: {=_xludf.XLOOKUP(AC2,DB!$A:$A,DB!$F:$F)} -> #NAME? | AJ3: {=_xludf.XLOOKUP(AC2,DB!$A:$A,DB!$G:$G)} -> #NAME? | AK3: {=IF(_xludf.IFNA(AJ3=0,TRUE),_xludf.XLOOKUP(AC2-7,DB!$A:$A,DB!$C:$C),計算用!$C$4)} -> #NAME?
K4: アト農場 | L4: {=_xludf.XLOOKUP(K4,計算用!$R$2:$R$36,計算用!$S$2:$S$36)<>19} -> #NAME? | M4: {=_xludf.XLOOKUP(K4,計算用!$R:$R,計算用!$W:$W)} -> #NAME? | N4: {=_xludf.XLOOKUP(K4,計算用!$R:$R,計算用!$Y:$Y)} -> #NAME? | O4: {=_xludf.XLOOKUP(K4,計算用!$R:$R,計算用!$X:$X)} -> #NAME? | P4: - | Q4: {=_xludf.XLOOKUP(K2,DB!$A:$A,DB!$M:$M)} -> #NAME? | R4: {=_xludf.XLOOKUP(K2,DB!$A:$A,DB!$N:$N)} -> #NAME? | S4: {=IF(_xludf.IFNA(R4=0,TRUE),_xludf.XLOOKUP(K2-7,DB!$A:$A,DB!$J:$J),計算用!$C$4)} -> #NAME?
B5: 略奪の森 | C5: {=_xludf.XLOOKUP(B5,計算用!$R$2:$R$36,計算用!$S$2:$S$36)<>19} -> #NAME? | D5: {=_xludf.XLOOKUP(B5,計算用!$R:$R,計算用!$W:$W)} -> #NAME? | E5: {=_xludf.XLOOKUP(B5,計算用!$R:$R,計算用!$Y:$Y)} -> #NAME? | F5: {=_xludf.XLOOKUP(B5,計算用!$R:$R,計算用!$X:$X)} -> #NAME? | G5: {=_xludf.XLOOKUP(B2,DB!$A:$A,DB!$T:$T)} -> #NAME? | H5: {=_xludf.XLOOKUP(B2,DB!$A:$A,DB!$U:$U)} -> #NAME? | I5: {=_xludf.XLOOKUP(B2,DB!$A:$A,DB!$V:$V)} -> #NAME? | J5: {=IF(_xludf.IFNA(I5=0,TRUE),_xludf.XLOOKUP(B2-7,DB!$A:$A,DB!$Q:$Q),計算用!$C$4)} -> #NAME? | K5: ベリア農場地帯 | L5: {=_xludf.XLOOKUP(K5,計算用!$R$2:$R$36,計算用!$S$2:$S$36)<>19} -> #NAME? | M5: {=_xludf.XLOOKUP(K5,計算用!$R:$R,計算用!$W:$W)} -> #NAME? | N5: {=_xludf.XLOOKUP(K5,計算用!$R:$R,計算用!$Y:$Y)} -> #NAME? | O5: {=_xludf.XLOOKUP(K5,計算用!$R:$R,計算用!$X:$X)} -> #NAME? | P5: {=_xludf.XLOOKUP(K2,DB!$A:$A,DB!$T:$T)} -> #NAME? | Q5: {=_xludf.XLOOKUP(K2,DB!$A:$A,DB!$U:$U)} -> #NAME? | R5: {=_xludf.XLOOKUP(K2,DB!$A:$A,DB!$V:$V)} -> #NAME? | S5: {=IF(_xludf.IFNA(R5=0,TRUE),_xludf.XLOOKUP(K2-7,DB!$A:$A,DB!$Q:$Q),計算用!$C$4)} -> #NAME? | T5: トロル防御基地 | U5: {=_xludf.XLOOKUP(T5,計算用!$R$2:$R$36,計算用!$S$2:$S$36)<>19} -> #NAME? | V5: {=_xludf.XLOOKUP(T5,計算用!$R:$R,計算用!$W:$W)} -> #NAME? | W5: {=_xludf.XLOOKUP(T5,計算用!$R:$R,計算用!$Y:$Y)} -> #NAME? | X5: {=_xludf.XLOOKUP(T5,計算用!$R:$R,計算用!$X:$X)} -> #NAME? | Y5: {=_xludf.XLOOKUP(T2,DB!$A:$A,DB!$T:$T)} -> #NAME? | Z5: {=_xludf.XLOOKUP(T2,DB!$A:$A,DB!$U:$U)} -> #NAME? | AA5: {=_xludf.XLOOKUP(T2,DB!$A:$A,DB!$V:$V)} -> #NAME? | AB5: {=IF(_xludf.IFNA(AA5=0,TRUE),_xludf.XLOOKUP(T2-7,DB!$A:$A,DB!$Q:$Q),計算用!$C$4)} -> #NAME? | AC5: ナーガ抽出場 | AD5: {=_xludf.XLOOKUP(AC5,計算用!$R$2:$R$36,計算用!$S$2:$S$36)<>19} -> #NAME? | AE5: {=_xludf.XLOOKUP(AC5,計算用!$R:$R,計算用!$W:$W)} -> #NAME? | AF5: {=_xludf.XLOOKUP(AC5,計算用!$R:$R,計算用!$Y:$Y)} -> #NAME? | AG5: {=_xludf.XLOOKUP(AC5,計算用!$R:$R,計算用!$X:$X)} -> #NAME? | AH5: {=_xludf.XLOOKUP(AC2,DB!$A:$A,DB!$T:$T)} -> #NAME? | AI5: {=_xludf.XLOOKUP(AC2,DB!$A:$A,DB!$U:$U)} -> #NAME? | AJ5: {=_xludf.XLOOKUP(AC2,DB!$A:$A,DB!$V:$V)} -> #NAME? | AK5: {=IF(_xludf.IFNA(AJ5=0,TRUE),_xludf.XLOOKUP(AC2-7,DB!$A:$A,DB!$Q:$Q),計算用!$C$4)} -> #NAME?
B6: 忘却の地 | C6: {=_xludf.XLOOKUP(B6,計算用!$R$2:$R$36,計算用!$S$2:$S$36)<>19} -> #NAME? | D6: {=_xludf.XLOOKUP(B6,計算用!$R:$R,計算用!$W:$W)} -> #NAME? | E6: {=_xludf.XLOOKUP(B6,計算用!$R:$R,計算用!$Y:$Y)} -> #NAME? | F6: {=_xludf.XLOOKUP(B6,計算用!$R:$R,計算用!$X:$X)} -> #NAME? | G6: {=_xludf.XLOOKUP(B2,DB!$A:$A,DB!$AB:$AB)} -> #NAME? | H6: {=_xludf.XLOOKUP(B2,DB!$A:$A,DB!$AC:$AC)} -> #NAME? | I6: {=_xludf.XLOOKUP(B2,DB!$A:$A,DB!$AD:$AD)} -> #NAME? | J6: {=IF(_xludf.IFNA(I6=0,TRUE),_xludf.XLOOKUP(B2-7,DB!$A:$A,DB!$Y:$Y),計算用!$C$4)} -> #NAME? | K6: ギュントの丘 | L6: {=_xludf.XLOOKUP(K6,計算用!$R$2:$R$36,計算用!$S$2:$S$36)<>19} -> #NAME? | M6: {=_xludf.XLOOKUP(K6,計算用!$R:$R,計算用!$W:$W)} -> #NAME? | N6: {=_xludf.XLOOKUP(K6,計算用!$R:$R,計算用!$Y:$Y)} -> #NAME? | O6: {=_xludf.XLOOKUP(K6,計算用!$R:$R,計算用!$X:$X)} -> #NAME? | P6: {=_xludf.XLOOKUP(K2,DB!$A:$A,DB!$AB:$AB)} -> #NAME? | Q6: {=_xludf.XLOOKUP(K2,DB!$A:$A,DB!$AC:$AC)} -> #NAME? | R6: {=_xludf.XLOOKUP(K2,DB!$A:$A,DB!$AD:$AD)} -> #NAME? | S6: {=IF(_xludf.IFNA(R6=0,TRUE),_xludf.XLOOKUP(K2-7,DB!$A:$A,DB!$Y:$Y),計算用!$C$4)} -> #NAME? | T6: 隠された修道院 | U6: {=_xludf.XLOOKUP(T6,計算用!$R$2:$R$36,計算用!$S$2:$S$36)<>19} -> #NAME? | V6: {=_xludf.XLOOKUP(T6,計算用!$R:$R,計算用!$W:$W)} -> #NAME? | W6: {=_xludf.XLOOKUP(T6,計算用!$R:$R,計算用!$Y:$Y)} -> #NAME? | X6: {=_xludf.XLOOKUP(T6,計算用!$R:$R,計算用!$X:$X)} -> #NAME? | Y6: {=_xludf.XLOOKUP(T2,DB!$A:$A,DB!$AB:$AB)} -> #NAME? | Z6: {=_xludf.XLOOKUP(T2,DB!$A:$A,DB!$AC:$AC)} -> #NAME? | AA6: {=_xludf.XLOOKUP(T2,DB!$A:$A,DB!$AD:$AD)} -> #NAME? | AB6: {=IF(_xludf.IFNA(AA6=0,TRUE),_xludf.XLOOKUP(T2-7,DB!$A:$A,DB!$Y:$Y),計算用!$C$4)} -> #NAME? | AC6: オークキャンプ | AD6: {=_xludf.XLOOKUP(AC6,計算用!$R$2:$R$36,計算用!$S$2:$S$36)<>19} -> #NAME? | AE6: {=_xludf.XLOOKUP(AC6,計算用!$R:$R,計算用!$W:$W)} -> #NAME? | AF6: {=_xludf.XLOOKUP(AC6,計算用!$R:$R,計算用!$Y:$Y)} -> #NAME? | AG6: {=_xludf.XLOOKUP(AC6,計算用!$R:$R,計算用!$X:$X)} -> #NAME? | AH6: {=_xludf.XLOOKUP(AC2,DB!$A:$A,DB!$AB:$AB)} -> #NAME? | AI6: {=_xludf.XLOOKUP(AC2,DB!$A:$A,DB!$AC:$AC)} -> #NAME? | AJ6: {=_xludf.XLOOKUP(AC2,DB!$A:$A,DB!$AD:$AD)} -> #NAME? | AK6: {=IF(_xludf.IFNA(AJ6=0,TRUE),_xludf.XLOOKUP(AC2-7,DB!$A:$A,DB!$Y:$Y),計算用!$C$4)} -> #NAME?
K7: 高原地帯 | L7: {=_xludf.XLOOKUP(K7,計算用!$R$2:$R$36,計算用!$S$2:$S$36)<>19} -> #NAME? | M7: {=_xludf.XLOOKUP(K7,計算用!$R:$R,計算用!$W:$W)} -> #NAME? | N7: {=_xludf.XLOOKUP(K7,計算用!$R:$R,計算用!$Y:$Y)} -> #NAME? | O7: {=_xludf.XLOOKUP(K7,計算用!$R:$R,計算用!$X:$X)} -> #NAME? | P7: {=_xludf.XLOOKUP(K2,DB!$A:$A,DB!$AJ:$AJ)} -> #NAME? | Q7: {=_xludf.XLOOKUP(K2,DB!$A:$A,DB!$AK:$AK)} -> #NAME? | R7: {=_xludf.XLOOKUP(K2,DB!$A:$A,DB!$AL:$AL)} -> #NAME? | S7: {=IF(_xludf.IFNA(R7=0,TRUE),_xludf.XLOOKUP(K2-7,DB!$A:$A,DB!$AG:$AG),計算用!$C$4)} -> #NAME? | T7: マルニの第2実験場 | U7: {=_xludf.XLOOKUP(T7,計算用!$R$2:$R$36,計算用!$S$2:$S$36)<>19} -> #NAME? | V7: {=_xludf.XLOOKUP(T7,計算用!$R:$R,計算用!$W:$W)} -> #NAME? | W7: {=_xludf.XLOOKUP(T7,計算用!$R:$R,計算用!$Y:$Y)} -> #NAME? | X7: {=_xludf.XLOOKUP(T7,計算用!$R:$R,計算用!$X:$X)} -> #NAME? | Y7: {=_xludf.XLOOKUP(T2,DB!$A:$A,DB!$AJ:$AJ)} -> #NAME? | Z7: {=_xludf.XLOOKUP(T2,DB!$A:$A,DB!$AK:$AK)} -> #NAME? | AA7: {=_xludf.XLOOKUP(T2,DB!$A:$A,DB!$AL:$AL)} -> #NAME? | AB7: {=IF(_xludf.IFNA(AA7=0,TRUE),_xludf.XLOOKUP(T2-7,DB!$A:$A,DB!$AG:$AG),計算用!$C$4)} -> #NAME?
B8: ナーガ沼地 | C8: {=_xludf.XLOOKUP(B8,計算用!$R$2:$R$36,計算用!$S$2:$S$36)<>19} -> #NAME? | D8: {=_xludf.XLOOKUP(B8,計算用!$R:$R,計算用!$W:$W)} -> #NAME? | E8: {=_xludf.XLOOKUP(B8,計算用!$R:$R,計算用!$Y:$Y)} -> #NAME? | F8: {=_xludf.XLOOKUP(B8,計算用!$R:$R,計算用!$X:$X)} -> #NAME? | G8: {=_xludf.XLOOKUP(B2,DB!$A:$A,DB!$AR:$AR)} -> #NAME? | H8: {=_xludf.XLOOKUP(B2,DB!$A:$A,DB!$AS:$AS)} -> #NAME? | I8: {=_xludf.XLOOKUP(B2,DB!$A:$A,DB!$AT:$AT)} -> #NAME? | J8: {=IF(_xludf.IFNA(I8=0,TRUE),_xludf.XLOOKUP(B2-7,DB!$A:$A,DB!$AO:$AO),計算用!$C$4)} -> #NAME? | K8: 隠遁の森 | L8: {=_xludf.XLOOKUP(K8,計算用!$R$2:$R$36,計算用!$S$2:$S$36)<>19} -> #NAME? | M8: {=_xludf.XLOOKUP(K8,計算用!$R:$R,計算用!$W:$W)} -> #NAME? | N8: {=_xludf.XLOOKUP(K8,計算用!$R:$R,計算用!$Y:$Y)} -> #NAME? | O8: {=_xludf.XLOOKUP(K8,計算用!$R:$R,計算用!$X:$X)} -> #NAME? | P8: {=_xludf.XLOOKUP(K2,DB!$A:$A,DB!$AR:$AR)} -> #NAME? | Q8: {=_xludf.XLOOKUP(K2,DB!$A:$A,DB!$AS:$AS)} -> #NAME? | R8: {=_xludf.XLOOKUP(K2,DB!$A:$A,DB!$AT:$AT)} -> #NAME? | S8: {=IF(_xludf.IFNA(R8=0,TRUE),_xludf.XLOOKUP(K2-7,DB!$A:$A,DB!$AO:$AO),計算用!$C$4)} -> #NAME? | T8: アグリス平原 | U8: {=_xludf.XLOOKUP(T8,計算用!$R$2:$R$36,計算用!$S$2:$S$36)<>19} -> #NAME? | V8: {=_xludf.XLOOKUP(T8,計算用!$R:$R,計算用!$W:$W)} -> #NAME? | W8: {=_xludf.XLOOKUP(T8,計算用!$R:$R,計算用!$Y:$Y)} -> #NAME? | X8: {=_xludf.XLOOKUP(T8,計算用!$R:$R,計算用!$X:$X)} -> #NAME? | Y8: {=_xludf.XLOOKUP(T2,DB!$A:$A,DB!$AR:$AR)} -> #NAME? | Z8: {=_xludf.XLOOKUP(T2,DB!$A:$A,DB!$AS:$AS)} -> #NAME? | AA8: {=_xludf.XLOOKUP(T2,DB!$A:$A,DB!$AT:$AT)} -> #NAME? | AB8: {=IF(_xludf.IFNA(AA8=0,TRUE),_xludf.XLOOKUP(T2-7,DB!$A:$A,DB!$AO:$AO),計算用!$C$4)} -> #NAME? | AC8: 北部採石場 | AD8: {=_xludf.XLOOKUP(AC8,計算用!$R$2:$R$36,計算用!$S$2:$S$36)<>19} -> #NAME? | AE8: {=_xludf.XLOOKUP(AC8,計算用!$R:$R,計算用!$W:$W)} -> #NAME? | AF8: {=_xludf.XLOOKUP(AC8,計算用!$R:$R,計算用!$Y:$Y)} -> #NAME? | AG8: {=_xludf.XLOOKUP(AC8,計算用!$R:$R,計算用!$X:$X)} -> #NAME? | AH8: {=_xludf.XLOOKUP(AC2,DB!$A:$A,DB!$AR:$AR)} -> #NAME? | AI8: {=_xludf.XLOOKUP(AC2,DB!$A:$A,DB!$AS:$AS)} -> #NAME? | AJ8: {=_xludf.XLOOKUP(AC2,DB!$A:$A,DB!$AT:$AT)} -> #NAME? | AK8: {=IF(_xludf.IFNA(AJ8=0,TRUE),_xludf.XLOOKUP(AC2-7,DB!$A:$A,DB!$AO:$AO),計算用!$C$4)} -> #NAME?
B9: 旧ダンデリオン | C9: {=_xludf.XLOOKUP(B9,計算用!$R$2:$R$36,計算用!$S$2:$S$36)<>19} -> #NAME? | D9: {=_xludf.XLOOKUP(B9,計算用!$R:$R,計算用!$W:$W)} -> #NAME? | E9: {=_xludf.XLOOKUP(B9,計算用!$R:$R,計算用!$Y:$Y)} -> #NAME? | F9: {=_xludf.XLOOKUP(B9,計算用!$R:$R,計算用!$X:$X)} -> #NAME? | G9: {=_xludf.XLOOKUP(B2,DB!$A:$A,DB!$AZ:$AZ)} -> #NAME? | H9: {=_xludf.XLOOKUP(B2,DB!$A:$A,DB!$BA:$BA)} -> #NAME? | I9: {=_xludf.XLOOKUP(B2,DB!$A:$A,DB!$BB:$BB)} -> #NAME? | J9: {=IF(_xludf.IFNA(I9=0,TRUE),_xludf.XLOOKUP(B2-7,DB!$A:$A,DB!$AW:$AW),計算用!$C$4)} -> #NAME? | K9: エワズの丘 | L9: {=_xludf.XLOOKUP(K9,計算用!$R$2:$R$36,計算用!$S$2:$S$36)<>19} -> #NAME? | M9: {=_xludf.XLOOKUP(K9,計算用!$R:$R,計算用!$W:$W)} -> #NAME? | N9: {=_xludf.XLOOKUP(K9,計算用!$R:$R,計算用!$Y:$Y)} -> #NAME? | O9: {=_xludf.XLOOKUP(K9,計算用!$R:$R,計算用!$X:$X)} -> #NAME? | P9: {=_xludf.XLOOKUP(K2,DB!$A:$A,DB!$AZ:$AZ)} -> #NAME? | Q9: {=_xludf.XLOOKUP(K2,DB!$A:$A,DB!$BA:$BA)} -> #NAME? | R9: {=_xludf.XLOOKUP(K2,DB!$A:$A,DB!$BB:$BB)} -> #NAME? | S9: {=IF(_xludf.IFNA(R9=0,TRUE),_xludf.XLOOKUP(K2-7,DB!$A:$A,DB!$AW:$AW),計算用!$C$4)} -> #NAME? | T9: リンチ農場廃墟 | U9: {=_xludf.XLOOKUP(T9,計算用!$R$2:$R$36,計算用!$S$2:$S$36)<>19} -> #NAME? | V9: {=_xludf.XLOOKUP(T9,計算用!$R:$R,計算用!$W:$W)} -> #NAME? | W9: {=_xludf.XLOOKUP(T9,計算用!$R:$R,計算用!$Y:$Y)} -> #NAME? | X9: {=_xludf.XLOOKUP(T9,計算用!$R:$R,計算用!$X:$X)} -> #NAME? | Y9: {=_xludf.XLOOKUP(T2,DB!$A:$A,DB!$AZ:$AZ)} -> #NAME? | Z9: {=_xludf.XLOOKUP(T2,DB!$A:$A,DB!$BA:$BA)} -> #NAME? | AA9: {=_xludf.XLOOKUP(T2,DB!$A:$A,DB!$BB:$BB)} -> #NAME? | AB9: {=IF(_xludf.IFNA(AA9=0,TRUE),_xludf.XLOOKUP(T2-7,DB!$A:$A,DB!$AW:$AW),計算用!$C$4)} -> #NAME? | AC9: ハーピーの絶壁 | AD9: {=_xludf.XLOOKUP(AC9,計算用!$R$2:$R$36,計算用!$S$2:$S$36)<>19} -> #NAME? | AE9: {=_xludf.XLOOKUP(AC9,計算用!$R:$R,計算用!$W:$W)} -> #NAME? | AF9: {=_xludf.XLOOKUP(AC9,計算用!$R:$R,計算用!$Y:$Y)} -> #NAME? | AG9: {=_xludf.XLOOKUP(AC9,計算用!$R:$R,計算用!$X:$X)} -> #NAME? | AH9: {=_xludf.XLOOKUP(AC2,DB!$A:$A,DB!$AZ:$AZ)} -> #NAME? | AI9: {=_xludf.XLOOKUP(AC2,DB!$A:$A,DB!$BA:$BA)} -> #NAME? | AJ9: {=_xludf.XLOOKUP(AC2,DB!$A:$A,DB!$BB:$BB)} -> #NAME? | AK9: {=IF(_xludf.IFNA(AJ9=0,TRUE),_xludf.XLOOKUP(AC2-7,DB!$A:$A,DB!$AW:$AW),計算用!$C$4)} -> #NAME?
B10: 捨てられた地 | C10: {=_xludf.XLOOKUP(B10,計算用!$R$2:$R$36,計算用!$S$2:$S$36)<>19} -> #NAME? | D10: {=_xludf.XLOOKUP(B10,計算用!$R:$R,計算用!$W:$W)} -> #NAME? | E10: {=_xludf.XLOOKUP(B10,計算用!$R:$R,計算用!$Y:$Y)} -> #NAME? | F10: {=_xludf.XLOOKUP(B10,計算用!$R:$R,計算用!$X:$X)} -> #NAME? | G10: {=_xludf.XLOOKUP(B2,DB!$A:$A,DB!$BH:$BH)} -> #NAME? | H10: {=_xludf.XLOOKUP(B2,DB!$A:$A,DB!$BI:$BI)} -> #NAME? | I10: {=_xludf.XLOOKUP(B2,DB!$A:$A,DB!$BJ:$BJ)} -> #NAME? | J10: {=IF(_xludf.IFNA(I10=0,TRUE),_xludf.XLOOKUP(B2-7,DB!$A:$A,DB!$BE:$BE),計算用!$C$4)} -> #NAME? | K10: 廃城跡入り口 | L10: {=_xludf.XLOOKUP(K10,計算用!$R$2:$R$36,計算用!$S$2:$S$36)<>19} -> #NAME? | M10: {=_xludf.XLOOKUP(K10,計算用!$R:$R,計算用!$W:$W)} -> #NAME? | N10: {=_xludf.XLOOKUP(K10,計算用!$R:$R,計算用!$Y:$Y)} -> #NAME? | O10: {=_xludf.XLOOKUP(K10,計算用!$R:$R,計算用!$X:$X)} -> #NAME? | P10: {=_xludf.XLOOKUP(K2,DB!$A:$A,DB!$BH:$BH)} -> #NAME? | Q10: {=_xludf.XLOOKUP(K2,DB!$A:$A,DB!$BI:$BI)} -> #NAME? | R10: {=_xludf.XLOOKUP(K2,DB!$A:$A,DB!$BJ:$BJ)} -> #NAME? | S10: {=IF(_xludf.IFNA(R10=0,TRUE),_xludf.XLOOKUP(K2-7,DB!$A:$A,DB!$BE:$BE),計算用!$C$4)} -> #NAME? | T10: ブレディー砦 | U10: {=_xludf.XLOOKUP(T10,計算用!$R$2:$R$36,計算用!$S$2:$S$36)<>19} -> #NAME? | V10: {=_xludf.XLOOKUP(T10,計算用!$R:$R,計算用!$W:$W)} -> #NAME? | W10: {=_xludf.XLOOKUP(T10,計算用!$R:$R,計算用!$Y:$Y)} -> #NAME? | X10: {=_xludf.XLOOKUP(T10,計算用!$R:$R,計算用!$X:$X)} -> #NAME? | Y10: {=_xludf.XLOOKUP(T2,DB!$A:$A,DB!$BH:$BH)} -> #NAME? | Z10: {=_xludf.XLOOKUP(T2,DB!$A:$A,DB!$BI:$BI)} -> #NAME? | AA10: {=_xludf.XLOOKUP(T2,DB!$A:$A,DB!$BJ:$BJ)} -> #NAME? | AB10: {=IF(_xludf.IFNA(AA10=0,TRUE),_xludf.XLOOKUP(T2-7,DB!$A:$A,DB!$BE:$BE),計算用!$C$4)} -> #NAME? | AC10: ブリの森 | AD10: {=_xludf.XLOOKUP(AC10,計算用!$R$2:$R$36,計算用!$S$2:$S$36)<>19} -> #NAME? | AE10: {=_xludf.XLOOKUP(AC10,計算用!$R:$R,計算用!$W:$W)} -> #NAME? | AF10: {=_xludf.XLOOKUP(AC10,計算用!$R:$R,計算用!$Y:$Y)} -> #NAME? | AG10: {=_xludf.XLOOKUP(AC10,計算用!$R:$R,計算用!$X:$X)} -> #NAME? | AH10: {=_xludf.XLOOKUP(AC2,DB!$A:$A,DB!$BH:$BH)} -> #NAME? | AI10: {=_xludf.XLOOKUP(AC2,DB!$A:$A,DB!$BI:$BI)} -> #NAME? | AJ10: {=_xludf.XLOOKUP(AC2,DB!$A:$A,DB!$BJ:$BJ)} -> #NAME? | AK10: {=IF(_xludf.IFNA(AJ10=0,TRUE),_xludf.XLOOKUP(AC2-7,DB!$A:$A,DB!$BE:$BE),計算用!$C$4)} -> #NAME?
B11: ベア川下流 | C11: {=_xludf.XLOOKUP(B11,計算用!$R$2:$R$36,計算用!$S$2:$S$36)<>19} -> #NAME? | D11: {=_xludf.XLOOKUP(B11,計算用!$R:$R,計算用!$W:$W)} -> #NAME? | E11: {=_xludf.XLOOKUP(B11,計算用!$R:$R,計算用!$Y:$Y)} -> #NAME? | F11: {=_xludf.XLOOKUP(B11,計算用!$R:$R,計算用!$X:$X)} -> #NAME? | G11: {=_xludf.XLOOKUP(B2,DB!$A:$A,DB!$BP:$BP)} -> #NAME? | H11: {=_xludf.XLOOKUP(B2,DB!$A:$A,DB!$BQ:$BQ)} -> #NAME? | I11: {=_xludf.XLOOKUP(B2,DB!$A:$A,DB!$BR:$BR)} -> #NAME? | J11: {=IF(_xludf.IFNA(I11=0,TRUE),_xludf.XLOOKUP(B2-7,DB!$A:$A,DB!$BM:$BM),計算用!$C$4)} -> #NAME? | K11: カイア渡し場 | L11: {=_xludf.XLOOKUP(K11,計算用!$R$2:$R$36,計算用!$S$2:$S$36)<>19} -> #NAME? | M11: {=_xludf.XLOOKUP(K11,計算用!$R:$R,計算用!$W:$W)} -> #NAME? | N11: {=_xludf.XLOOKUP(K11,計算用!$R:$R,計算用!$Y:$Y)} -> #NAME? | O11: {=_xludf.XLOOKUP(K11,計算用!$R:$R,計算用!$X:$X)} -> #NAME? | P11: {=_xludf.XLOOKUP(K2,DB!$A:$A,DB!$BP:$BP)} -> #NAME? | Q11: {=_xludf.XLOOKUP(K2,DB!$A:$A,DB!$BQ:$BQ)} -> #NAME? | R11: {=_xludf.XLOOKUP(K2,DB!$A:$A,DB!$BR:$BR)} -> #NAME? | S11: {=IF(_xludf.IFNA(R11=0,TRUE),_xludf.XLOOKUP(K2-7,DB!$A:$A,DB!$BM:$BM),計算用!$C$4)} -> #NAME? | T11: エントの森 | U11: {=_xludf.XLOOKUP(T11,計算用!$R$2:$R$36,計算用!$S$2:$S$36)<>19} -> #NAME? | V11: {=_xludf.XLOOKUP(T11,計算用!$R:$R,計算用!$W:$W)} -> #NAME? | W11: {=_xludf.XLOOKUP(T11,計算用!$R:$R,計算用!$Y:$Y)} -> #NAME? | X11: {=_xludf.XLOOKUP(T11,計算用!$R:$R,計算用!$X:$X)} -> #NAME? | Y11: {=_xludf.XLOOKUP(T2,DB!$A:$A,DB!$BP:$BP)} -> #NAME? | Z11: {=_xludf.XLOOKUP(T2,DB!$A:$A,DB!$BQ:$BQ)} -> #NAME? | AA11: {=_xludf.XLOOKUP(T2,DB!$A:$A,DB!$BR:$BR)} -> #NAME? | AB11: {=IF(_xludf.IFNA(AA11=0,TRUE),_xludf.XLOOKUP(T2-7,DB!$A:$A,DB!$BM:$BM),計算用!$C$4)} -> #NAME? | AC11: マンシャの森の奥 | AD11: {=_xludf.XLOOKUP(AC11,計算用!$R$2:$R$36,計算用!$S$2:$S$36)<>19} -> #NAME? | AE11: {=_xludf.XLOOKUP(AC11,計算用!$R:$R,計算用!$W:$W)} -> #NAME? | AF11: {=_xludf.XLOOKUP(AC11,計算用!$R:$R,計算用!$Y:$Y)} -> #NAME? | AG11: {=_xludf.XLOOKUP(AC11,計算用!$R:$R,計算用!$X:$X)} -> #NAME? | AH11: {=_xludf.XLOOKUP(AC2,DB!$A:$A,DB!$BP:$BP)} -> #NAME? | AI11: {=_xludf.XLOOKUP(AC2,DB!$A:$A,DB!$BQ:$BQ)} -> #NAME? | AJ11: {=_xludf.XLOOKUP(AC2,DB!$A:$A,DB!$BR:$BR)} -> #NAME? | AK11: {=IF(_xludf.IFNA(AJ11=0,TRUE),_xludf.XLOOKUP(AC2-7,DB!$A:$A,DB!$BM:$BM),計算用!$C$4)} -> #NAME?
B12: アルティノ入り口 | C12: {=_xludf.XLOOKUP(B12,計算用!$R$2:$R$36,計算用!$S$2:$S$36)<>19} -> #NAME? | D12: {=_xludf.XLOOKUP(B12,計算用!$R:$R,計算用!$W:$W)} -> #NAME? | E12: {=_xludf.XLOOKUP(B12,計算用!$R:$R,計算用!$Y:$Y)} -> #NAME? | F12: {=_xludf.XLOOKUP(B12,計算用!$R:$R,計算用!$X:$X)} -> #NAME? | G12: {=_xludf.XLOOKUP(B2,DB!$A:$A,DB!$BX:$BX)} -> #NAME? | H12: {=_xludf.XLOOKUP(B2,DB!$A:$A,DB!$BY:$BY)} -> #NAME? | I12: {=_xludf.XLOOKUP(B2,DB!$A:$A,DB!$BZ:$BZ)} -> #NAME? | J12: {=IF(_xludf.IFNA(I12=0,TRUE),_xludf.XLOOKUP(B2-7,DB!$A:$A,DB!$BU:$BU),計算用!$C$4)} -> #NAME? | K12: カズラ農場 | L12: {=_xludf.XLOOKUP(K12,計算用!$R$2:$R$36,計算用!$S$2:$S$36)<>19} -> #NAME? | M12: {=_xludf.XLOOKUP(K12,計算用!$R:$R,計算用!$W:$W)} -> #NAME? | N12: {=_xludf.XLOOKUP(K12,計算用!$R:$R,計算用!$Y:$Y)} -> #NAME? | O12: {=_xludf.XLOOKUP(K12,計算用!$R:$R,計算用!$X:$X)} -> #NAME? | P12: {=_xludf.XLOOKUP(K2,DB!$A:$A,DB!$BX:$BX)} -> #NAME? | Q12: {=_xludf.XLOOKUP(K2,DB!$A:$A,DB!$BY:$BY)} -> #NAME? | R12: {=_xludf.XLOOKUP(K2,DB!$A:$A,DB!$BZ:$BZ)} -> #NAME? | S12: {=IF(_xludf.IFNA(R12=0,TRUE),_xludf.XLOOKUP(K2-7,DB!$A:$A,DB!$BU:$BU),計算用!$C$4)} -> #NAME? | T12: クリオ村 | U12: {=_xludf.XLOOKUP(T12,計算用!$R$2:$R$36,計算用!$S$2:$S$36)<>19} -> #NAME? | V12: {=_xludf.XLOOKUP(T12,計算用!$R:$R,計算用!$W:$W)} -> #NAME? | W12: {=_xludf.XLOOKUP(T12,計算用!$R:$R,計算用!$Y:$Y)} -> #NAME? | X12: {=_xludf.XLOOKUP(T12,計算用!$R:$R,計算用!$X:$X)} -> #NAME? | Y12: {=_xludf.XLOOKUP(T2,DB!$A:$A,DB!$BX:$BX)} -> #NAME? | Z12: {=_xludf.XLOOKUP(T2,DB!$A:$A,DB!$BY:$BY)} -> #NAME? | AA12: {=_xludf.XLOOKUP(T2,DB!$A:$A,DB!$BZ:$BZ)} -> #NAME? | AB12: {=IF(_xludf.IFNA(AA12=0,TRUE),_xludf.XLOOKUP(T2-7,DB!$A:$A,DB!$BU:$BU),計算用!$C$4)} -> #NAME? | AC12: 廃鉄鉱山採掘場 | AD12: {=_xludf.XLOOKUP(AC12,計算用!$R$2:$R$36,計算用!$S$2:$S$36)<>19} -> #NAME? | AE12: {=_xludf.XLOOKUP(AC12,計算用!$R:$R,計算用!$W:$W)} -> #NAME? | AF12: {=_xludf.XLOOKUP(AC12,計算用!$R:$R,計算用!$Y:$Y)} -> #NAME? | AG12: {=_xludf.XLOOKUP(AC12,計算用!$R:$R,計算用!$X:$X)} -> #NAME? | AH12: {=_xludf.XLOOKUP(AC2,DB!$A:$A,DB!$BX:$BX)} -> #NAME? | AI12: {=_xludf.XLOOKUP(AC2,DB!$A:$A,DB!$BY:$BY)} -> #NAME? | AJ12: {=_xludf.XLOOKUP(AC2,DB!$A:$A,DB!$BZ:$BZ)} -> #NAME? | AK12: {=IF(_xludf.IFNA(AJ12=0,TRUE),_xludf.XLOOKUP(AC2-7,DB!$A:$A,DB!$BU:$BU),計算用!$C$4)} -> #NAME?
B13: =B2+7 -> 45893 | C13: 22時 | D13: 城塞 | E13: 枠 | F13: 人数 | G13: 統一 | H13: 宴会 | I13: 税 | J13: 保有 | K13: =B13+1 -> 45894 | L13: 22時 | M13: 種別 | N13: 枠 | O13: 人数 | P13: 統一 | Q13: 宴会 | R13: 税 | S13: 保有 | T13: =K13+3 -> 45897 | U13: 22時 | V13: 種別 | W13: 枠 | X13: 人数 | Y13: 統一 | Z13: 宴会 | AA13: 税 | AB13: 保有 | AC13: =T13+1 -> 45898 | AD13: 22時 | AE13: 種別 | AF13: 枠 | AG13: 人数 | AH13: 統一 | AI13: 宴会 | AJ13: 税 | AK13: 保有
B14: デルニール農場 | C14: {=_xludf.XLOOKUP(B14,計算用!$R$2:$R$36,計算用!$S$2:$S$36)<>19} -> #NAME? | D14: {=_xludf.XLOOKUP(B14,計算用!$R:$R,計算用!$W:$W)} -> #NAME? | E14: {=_xludf.XLOOKUP(B14,計算用!$R:$R,計算用!$Y:$Y)} -> #NAME? | F14: {=_xludf.XLOOKUP(B14,計算用!$R:$R,計算用!$X:$X)} -> #NAME? | G14: - | H14: {=_xludf.XLOOKUP(B13,DB!$A:$A,DB!$F:$F)} -> #NAME? | I14: {=_xludf.XLOOKUP(B13,DB!$A:$A,DB!$G:$G)} -> #NAME? | J14: {=IF(_xludf.IFNA(I14=0,TRUE),_xludf.XLOOKUP(B13-7,DB!$A:$A,DB!$C:$C),計算用!$C$4)} -> #NAME? | K14: ルツム族駐屯地 | L14: {=_xludf.XLOOKUP(K14,計算用!$R$2:$R$36,計算用!$S$2:$S$36)<>19} -> #NAME? | M14: {=_xludf.XLOOKUP(K14,計算用!$R:$R,計算用!$W:$W)} -> #NAME? | N14: {=_xludf.XLOOKUP(K14,計算用!$R:$R,計算用!$Y:$Y)} -> #NAME? | O14: {=_xludf.XLOOKUP(K14,計算用!$R:$R,計算用!$X:$X)} -> #NAME? | P14: - | Q14: {=_xludf.XLOOKUP(K13,DB!$A:$A,DB!$F:$F)} -> #NAME? | R14: {=_xludf.XLOOKUP(K13,DB!$A:$A,DB!$G:$G)} -> #NAME? | S14: {=IF(_xludf.IFNA(R14=0,TRUE),_xludf.XLOOKUP(K13-7,DB!$A:$A,DB!$C:$C),計算用!$C$4)} -> #NAME? | T14: 北部大農場 | U14: {=_xludf.XLOOKUP(T14,計算用!$R$2:$R$36,計算用!$S$2:$S$36)<>19} -> #NAME? | V14: {=_xludf.XLOOKUP(T14,計算用!$R:$R,計算用!$W:$W)} -> #NAME? | W14: {=_xludf.XLOOKUP(T14,計算用!$R:$R,計算用!$Y:$Y)} -> #NAME? | X14: {=_xludf.XLOOKUP(T14,計算用!$R:$R,計算用!$X:$X)} -> #NAME? | Y14: - | Z14: {=_xludf.XLOOKUP(T13,DB!$A:$A,DB!$F:$F)} -> #NAME? | AA14: {=_xludf.XLOOKUP(T13,DB!$A:$A,DB!$G:$G)} -> #NAME? | AB14: {=IF(_xludf.IFNA(AA14=0,TRUE),_xludf.XLOOKUP(T13-7,DB!$A:$A,DB!$C:$C),計算用!$C$4)} -> #NAME? | AC14: アグリス祭壇 | AD14: {=_xludf.XLOOKUP(AC14,計算用!$R$2:$R$36,計算用!$S$2:$S$36)<>19} -> #NAME? | AE14: {=_xludf.XLOOKUP(AC14,計算用!$R:$R,計算用!$W:$W)} -> #NAME? | AF14: {=_xludf.XLOOKUP(AC14,計算用!$R:$R,計算用!$Y:$Y)} -> #NAME? | AG14: {=_xludf.XLOOKUP(AC14,計算用!$R:$R,計算用!$X:$X)} -> #NAME? | AH14: - | AI14: {=_xludf.XLOOKUP(AC13,DB!$A:$A,DB!$F:$F)} -> #NAME? | AJ14: {=_xludf.XLOOKUP(AC13,DB!$A:$A,DB!$G:$G)} -> #NAME? | AK14: {=IF(_xludf.IFNA(AJ14=0,TRUE),_xludf.XLOOKUP(AC13-7,DB!$A:$A,DB!$C:$C),計算用!$C$4)} -> #NAME?
J15: {=IF(_xludf.IFNA(I15=0,TRUE),_xludf.XLOOKUP(B13-7,DB!$A:$A,DB!$J:$J),計算用!$C$4)} -> #NAME? | K15: アト農場 | L15: {=_xludf.XLOOKUP(K15,計算用!$R$2:$R$36,計算用!$S$2:$S$36)<>19} -> #NAME? | M15: {=_xludf.XLOOKUP(K15,計算用!$R:$R,計算用!$W:$W)} -> #NAME? | N15: {=_xludf.XLOOKUP(K15,計算用!$R:$R,計算用!$Y:$Y)} -> #NAME? | O15: {=_xludf.XLOOKUP(K15,計算用!$R:$R,計算用!$X:$X)} -> #NAME? | P15: - | Q15: {=_xludf.XLOOKUP(K13,DB!$A:$A,DB!$M:$M)} -> #NAME? | R15: {=_xludf.XLOOKUP(K13,DB!$A:$A,DB!$N:$N)} -> #NAME? | S15: {=IF(_xludf.IFNA(R15=0,TRUE),_xludf.XLOOKUP(K13-7,DB!$A:$A,DB!$J:$J),計算用!$C$4)} -> #NAME?
B16: 略奪の森 | C16: {=_xludf.XLOOKUP(B16,計算用!$R$2:$R$36,計算用!$S$2:$S$36)<>19} -> #NAME? | D16: {=_xludf.XLOOKUP(B16,計算用!$R:$R,計算用!$W:$W)} -> #NAME? | E16: {=_xludf.XLOOKUP(B16,計算用!$R:$R,計算用!$Y:$Y)} -> #NAME? | F16: {=_xludf.XLOOKUP(B16,計算用!$R:$R,計算用!$X:$X)} -> #NAME? | G16: {=_xludf.XLOOKUP(B13,DB!$A:$A,DB!$T:$T)} -> #NAME? | H16: {=_xludf.XLOOKUP(B13,DB!$A:$A,DB!$U:$U)} -> #NAME? | I16: {=_xludf.XLOOKUP(B13,DB!$A:$A,DB!$V:$V)} -> #NAME? | J16: {=IF(_xludf.IFNA(I16=0,TRUE),_xludf.XLOOKUP(B13-7,DB!$A:$A,DB!$Q:$Q),計算用!$C$4)} -> #NAME? | K16: ベリア農場地帯 | L16: {=_xludf.XLOOKUP(K16,計算用!$R$2:$R$36,計算用!$S$2:$S$36)<>19} -> #NAME? | M16: {=_xludf.XLOOKUP(K16,計算用!$R:$R,計算用!$W:$W)} -> #NAME? | N16: {=_xludf.XLOOKUP(K16,計算用!$R:$R,計算用!$Y:$Y)} -> #NAME? | O16: {=_xludf.XLOOKUP(K16,計算用!$R:$R,計算用!$X:$X)} -> #NAME? | P16: {=_xludf.XLOOKUP(K13,DB!$A:$A,DB!$T:$T)} -> #NAME? | Q16: {=_xludf.XLOOKUP(K13,DB!$A:$A,DB!$U:$U)} -> #NAME? | R16: {=_xludf.XLOOKUP(K13,DB!$A:$A,DB!$V:$V)} -> #NAME? | S16: {=IF(_xludf.IFNA(R16=0,TRUE),_xludf.XLOOKUP(K13-7,DB!$A:$A,DB!$Q:$Q),計算用!$C$4)} -> #NAME? | T16: トロル防御基地 | U16: {=_xludf.XLOOKUP(T16,計算用!$R$2:$R$36,計算用!$S$2:$S$36)<>19} -> #NAME? | V16: {=_xludf.XLOOKUP(T16,計算用!$R:$R,計算用!$W:$W)} -> #NAME? | W16: {=_xludf.XLOOKUP(T16,計算用!$R:$R,計算用!$Y:$Y)} -> #NAME? | X16: {=_xludf.XLOOKUP(T16,計算用!$R:$R,計算用!$X:$X)} -> #NAME? | Y16: {=_xludf.XLOOKUP(T13,DB!$A:$A,DB!$T:$T)} -> #NAME? | Z16: {=_xludf.XLOOKUP(T13,DB!$A:$A,DB!$U:$U)} -> #NAME? | AA16: {=_xludf.XLOOKUP(T13,DB!$A:$A,DB!$V:$V)} -> #NAME? | AB16: {=IF(_xludf.IFNA(AA16=0,TRUE),_xludf.XLOOKUP(T13-7,DB!$A:$A,DB!$Q:$Q),計算用!$C$4)} -> #NAME? | AC16: ナーガ抽出場 | AD16: {=_xludf.XLOOKUP(AC16,計算用!$R$2:$R$36,計算用!$S$2:$S$36)<>19} -> #NAME? | AE16: {=_xludf.XLOOKUP(AC16,計算用!$R:$R,計算用!$W:$W)} -> #NAME? | AF16: {=_xludf.XLOOKUP(AC16,計算用!$R:$R,計算用!$Y:$Y)} -> #NAME? | AG16: {=_xludf.XLOOKUP(AC16,計算用!$R:$R,計算用!$X:$X)} -> #NAME? | AH16: {=_xludf.XLOOKUP(AC13,DB!$A:$A,DB!$T:$T)} -> #NAME? | AI16: {=_xludf.XLOOKUP(AC13,DB!$A:$A,DB!$U:$U)} -> #NAME? | AJ16: {=_xludf.XLOOKUP(AC13,DB!$A:$A,DB!$V:$V)} -> #NAME? | AK16: {=IF(_xludf.IFNA(AJ16=0,TRUE),_xludf.XLOOKUP(AC13-7,DB!$A:$A,DB!$Q:$Q),計算用!$C$4)} -> #NAME?
B17: 忘却の地 | C17: {=_xludf.XLOOKUP(B17,計算用!$R$2:$R$36,計算用!$S$2:$S$36)<>19} -> #NAME? | D17: {=_xludf.XLOOKUP(B17,計算用!$R:$R,計算用!$W:$W)} -> #NAME? | E17: {=_xludf.XLOOKUP(B17,計算用!$R:$R,計算用!$Y:$Y)} -> #NAME? | F17: {=_xludf.XLOOKUP(B17,計算用!$R:$R,計算用!$X:$X)} -> #NAME? | G17: {=_xludf.XLOOKUP(B13,DB!$A:$A,DB!$AB:$AB)} -> #NAME? | H17: {=_xludf.XLOOKUP(B13,DB!$A:$A,DB!$AC:$AC)} -> #NAME? | I17: {=_xludf.XLOOKUP(B13,DB!$A:$A,DB!$AD:$AD)} -> #NAME? | J17: {=IF(_xludf.IFNA(I17=0,TRUE),_xludf.XLOOKUP(B13-7,DB!$A:$A,DB!$Y:$Y),計算用!$C$4)} -> #NAME? | K17: ギュントの丘 | L17: {=_xludf.XLOOKUP(K17,計算用!$R$2:$R$36,計算用!$S$2:$S$36)<>19} -> #NAME? | M17: {=_xludf.XLOOKUP(K17,計算用!$R:$R,計算用!$W:$W)} -> #NAME? | N17: {=_xludf.XLOOKUP(K17,計算用!$R:$R,計算用!$Y:$Y)} -> #NAME? | O17: {=_xludf.XLOOKUP(K17,計算用!$R:$R,計算用!$X:$X)} -> #NAME? | P17: {=_xludf.XLOOKUP(K13,DB!$A:$A,DB!$AB:$AB)} -> #NAME? | Q17: {=_xludf.XLOOKUP(K13,DB!$A:$A,DB!$AC:$AC)} -> #NAME? | R17: {=_xludf.XLOOKUP(K13,DB!$A:$A,DB!$AD:$AD)} -> #NAME? | S17: {=IF(_xludf.IFNA(R17=0,TRUE),_xludf.XLOOKUP(K13-7,DB!$A:$A,DB!$Y:$Y),計算用!$C$4)} -> #NAME? | T17: 隠された修道院 | U17: {=_xludf.XLOOKUP(T17,計算用!$R$2:$R$36,計算用!$S$2:$S$36)<>19} -> #NAME? | V17: {=_xludf.XLOOKUP(T17,計算用!$R:$R,計算用!$W:$W)} -> #NAME? | W17: {=_xludf.XLOOKUP(T17,計算用!$R:$R,計算用!$Y:$Y)} -> #NAME? | X17: {=_xludf.XLOOKUP(T17,計算用!$R:$R,計算用!$X:$X)} -> #NAME? | Y17: {=_xludf.XLOOKUP(T13,DB!$A:$A,DB!$AB:$AB)} -> #NAME? | Z17: {=_xludf.XLOOKUP(T13,DB!$A:$A,DB!$AC:$AC)} -> #NAME? | AA17: {=_xludf.XLOOKUP(T13,DB!$A:$A,DB!$AD:$AD)} -> #NAME? | AB17: {=IF(_xludf.IFNA(AA17=0,TRUE),_xludf.XLOOKUP(T13-7,DB!$A:$A,DB!$Y:$Y),計算用!$C$4)} -> #NAME? | AC17: オークキャンプ | AD17: {=_xludf.XLOOKUP(AC17,計算用!$R$2:$R$36,計算用!$S$2:$S$36)<>19} -> #NAME? | AE17: {=_xludf.XLOOKUP(AC17,計算用!$R:$R,計算用!$W:$W)} -> #NAME? | AF17: {=_xludf.XLOOKUP(AC17,計算用!$R:$R,計算用!$Y:$Y)} -> #NAME? | AG17: {=_xludf.XLOOKUP(AC17,計算用!$R:$R,計算用!$X:$X)} -> #NAME? | AH17: {=_xludf.XLOOKUP(AC13,DB!$A:$A,DB!$AB:$AB)} -> #NAME? | AI17: {=_xludf.XLOOKUP(AC13,DB!$A:$A,DB!$AC:$AC)} -> #NAME? | AJ17: {=_xludf.XLOOKUP(AC13,DB!$A:$A,DB!$AD:$AD)} -> #NAME? | AK17: {=IF(_xludf.IFNA(AJ17=0,TRUE),_xludf.XLOOKUP(AC13-7,DB!$A:$A,DB!$Y:$Y),計算用!$C$4)} -> #NAME?
J18: {=IF(_xludf.IFNA(I18=0,TRUE),_xludf.XLOOKUP(B13-7,DB!$A:$A,DB!$AG:$AG),計算用!$C$4)} -> #NAME? | K18: 高原地帯 | L18: {=_xludf.XLOOKUP(K18,計算用!$R$2:$R$36,計算用!$S$2:$S$36)<>19} -> #NAME? | M18: {=_xludf.XLOOKUP(K18,計算用!$R:$R,計算用!$W:$W)} -> #NAME? | N18: {=_xludf.XLOOKUP(K18,計算用!$R:$R,計算用!$Y:$Y)} -> #NAME? | O18: {=_xludf.XLOOKUP(K18,計算用!$R:$R,計算用!$X:$X)} -> #NAME? | P18: {=_xludf.XLOOKUP(K13,DB!$A:$A,DB!$AJ:$AJ)} -> #NAME? | Q18: {=_xludf.XLOOKUP(K13,DB!$A:$A,DB!$AK:$AK)} -> #NAME? | R18: {=_xludf.XLOOKUP(K13,DB!$A:$A,DB!$AL:$AL)} -> #NAME? | S18: {=IF(_xludf.IFNA(R18=0,TRUE),_xludf.XLOOKUP(K13-7,DB!$A:$A,DB!$AG:$AG),計算用!$C$4)} -> #NAME? | T18: マルニの第2実験場 | U18: {=_xludf.XLOOKUP(T18,計算用!$R$2:$R$36,計算用!$S$2:$S$36)<>19} -> #NAME? | V18: {=_xludf.XLOOKUP(T18,計算用!$R:$R,計算用!$W:$W)} -> #NAME? | W18: {=_xludf.XLOOKUP(T18,計算用!$R:$R,計算用!$Y:$Y)} -> #NAME? | X18: {=_xludf.XLOOKUP(T18,計算用!$R:$R,計算用!$X:$X)} -> #NAME? | Y18: {=_xludf.XLOOKUP(T13,DB!$A:$A,DB!$AJ:$AJ)} -> #NAME? | Z18: {=_xludf.XLOOKUP(T13,DB!$A:$A,DB!$AK:$AK)} -> #NAME? | AA18: {=_xludf.XLOOKUP(T13,DB!$A:$A,DB!$AL:$AL)} -> #NAME? | AB18: {=IF(_xludf.IFNA(AA18=0,TRUE),_xludf.XLOOKUP(T13-7,DB!$A:$A,DB!$AG:$AG),計算用!$C$4)} -> #NAME?
B19: ナーガ沼地 | C19: {=_xludf.XLOOKUP(B19,計算用!$R$2:$R$36,計算用!$S$2:$S$36)<>19} -> #NAME? | D19: {=_xludf.XLOOKUP(B19,計算用!$R:$R,計算用!$W:$W)} -> #NAME? | E19: {=_xludf.XLOOKUP(B19,計算用!$R:$R,計算用!$Y:$Y)} -> #NAME? | F19: {=_xludf.XLOOKUP(B19,計算用!$R:$R,計算用!$X:$X)} -> #NAME? | G19: {=_xludf.XLOOKUP(B13,DB!$A:$A,DB!$AR:$AR)} -> #NAME? | H19: {=_xludf.XLOOKUP(B13,DB!$A:$A,DB!$AS:$AS)} -> #NAME? | I19: {=_xludf.XLOOKUP(B13,DB!$A:$A,DB!$AT:$AT)} -> #NAME? | J19: {=IF(_xludf.IFNA(I19=0,TRUE),_xludf.XLOOKUP(B13-7,DB!$A:$A,DB!$AO:$AO),計算用!$C$4)} -> #NAME? | K19: 隠遁の森 | L19: {=_xludf.XLOOKUP(K19,計算用!$R$2:$R$36,計算用!$S$2:$S$36)<>19} -> #NAME? | M19: {=_xludf.XLOOKUP(K19,計算用!$R:$R,計算用!$W:$W)} -> #NAME? | N19: {=_xludf.XLOOKUP(K19,計算用!$R:$R,計算用!$Y:$Y)} -> #NAME? | O19: {=_xludf.XLOOKUP(K19,計算用!$R:$R,計算用!$X:$X)} -> #NAME? | P19: {=_xludf.XLOOKUP(K13,DB!$A:$A,DB!$AR:$AR)} -> #NAME? | Q19: {=_xludf.XLOOKUP(K13,DB!$A:$A,DB!$AS:$AS)} -> #NAME? | R19: {=_xludf.XLOOKUP(K13,DB!$A:$A,DB!$AT:$AT)} -> #NAME? | S19: {=IF(_xludf.IFNA(R19=0,TRUE),_xludf.XLOOKUP(K13-7,DB!$A:$A,DB!$AO:$AO),計算用!$C$4)} -> #NAME? | T19: アグリス平原 | U19: {=_xludf.XLOOKUP(T19,計算用!$R$2:$R$36,計算用!$S$2:$S$36)<>19} -> #NAME? | V19: {=_xludf.XLOOKUP(T19,計算用!$R:$R,計算用!$W:$W)} -> #NAME? | W19: {=_xludf.XLOOKUP(T19,計算用!$R:$R,計算用!$Y:$Y)} -> #NAME? | X19: {=_xludf.XLOOKUP(T19,計算用!$R:$R,計算用!$X:$X)} -> #NAME? | Y19: {=_xludf.XLOOKUP(T13,DB!$A:$A,DB!$AR:$AR)} -> #NAME? | Z19: {=_xludf.XLOOKUP(T13,DB!$A:$A,DB!$AS:$AS)} -> #NAME? | AA19: {=_xludf.XLOOKUP(T13,DB!$A:$A,DB!$AT:$AT)} -> #NAME? | AB19: {=IF(_xludf.IFNA(AA19=0,TRUE),_xludf.XLOOKUP(T13-7,DB!$A:$A,DB!$AO:$AO),計算用!$C$4)} -> #NAME? | AC19: 北部採石場 | AD19: {=_xludf.XLOOKUP(AC19,計算用!$R$2:$R$36,計算用!$S$2:$S$36)<>19} -> #NAME? | AE19: {=_xludf.XLOOKUP(AC19,計算用!$R:$R,計算用!$W:$W)} -> #NAME? | AF19: {=_xludf.XLOOKUP(AC19,計算用!$R:$R,計算用!$Y:$Y)} -> #NAME? | AG19: {=_xludf.XLOOKUP(AC19,計算用!$R:$R,計算用!$X:$X)} -> #NAME? | AH19: {=_xludf.XLOOKUP(AC13,DB!$A:$A,DB!$AR:$AR)} -> #NAME? | AI19: {=_xludf.XLOOKUP(AC13,DB!$A:$A,DB!$AS:$AS)} -> #NAME? | AJ19: {=_xludf.XLOOKUP(AC13,DB!$A:$A,DB!$AT:$AT)} -> #NAME? | AK19: {=IF(_xludf.IFNA(AJ19=0,TRUE),_xludf.XLOOKUP(AC13-7,DB!$A:$A,DB!$AO:$AO),計算用!$C$4)} -> #NAME?
B20: 旧ダンデリオン | C20: {=_xludf.XLOOKUP(B20,計算用!$R$2:$R$36,計算用!$S$2:$S$36)<>19} -> #NAME? | D20: {=_xludf.XLOOKUP(B20,計算用!$R:$R,計算用!$W:$W)} -> #NAME? | E20: {=_xludf.XLOOKUP(B20,計算用!$R:$R,計算用!$Y:$Y)} -> #NAME? | F20: {=_xludf.XLOOKUP(B20,計算用!$R:$R,計算用!$X:$X)} -> #NAME? | G20: {=_xludf.XLOOKUP(B13,DB!$A:$A,DB!$AZ:$AZ)} -> #NAME? | H20: {=_xludf.XLOOKUP(B13,DB!$A:$A,DB!$BA:$BA)} -> #NAME? | I20: {=_xludf.XLOOKUP(B13,DB!$A:$A,DB!$BB:$BB)} -> #NAME? | J20: {=IF(_xludf.IFNA(I20=0,TRUE),_xludf.XLOOKUP(B13-7,DB!$A:$A,DB!$AW:$AW),計算用!$C$4)} -> #NAME? | K20: エワズの丘 | L20: {=_xludf.XLOOKUP(K20,計算用!$R$2:$R$36,計算用!$S$2:$S$36)<>19} -> #NAME? | M20: {=_xludf.XLOOKUP(K20,計算用!$R:$R,計算用!$W:$W)} -> #NAME? | N20: {=_xludf.XLOOKUP(K20,計算用!$R:$R,計算用!$Y:$Y)} -> #NAME? | O20: {=_xludf.XLOOKUP(K20,計算用!$R:$R,計算用!$X:$X)} -> #NAME? | P20: {=_xludf.XLOOKUP(K13,DB!$A:$A,DB!$AZ:$AZ)} -> #NAME? | Q20: {=_xludf.XLOOKUP(K13,DB!$A:$A,DB!$BA:$BA)} -> #NAME? | R20: {=_xludf.XLOOKUP(K13,DB!$A:$A,DB!$BB:$BB)} -> #NAME? | S20: {=IF(_xludf.IFNA(R20=0,TRUE),_xludf.XLOOKUP(K13-7,DB!$A:$A,DB!$AW:$AW),計算用!$C$4)} -> #NAME? | T20: リンチ農場廃墟 | U20: {=_xludf.XLOOKUP(T20,計算用!$R$2:$R$36,計算用!$S$2:$S$36)<>19} -> #NAME? | V20: {=_xludf.XLOOKUP(T20,計算用!$R:$R,計算用!$W:$W)} -> #NAME? | W20: {=_xludf.XLOOKUP(T20,計算用!$R:$R,計算用!$Y:$Y)} -> #NAME? | X20: {=_xludf.XLOOKUP(T20,計算用!$R:$R,計算用!$X:$X)} -> #NAME? | Y20: {=_xludf.XLOOKUP(T13,DB!$A:$A,DB!$AZ:$AZ)} -> #NAME? | Z20: {=_xludf.XLOOKUP(T13,DB!$A:$A,DB!$BA:$BA)} -> #NAME? | AA20: {=_xludf.XLOOKUP(T13,DB!$A:$A,DB!$BB:$BB)} -> #NAME? | AB20: {=IF(_xludf.IFNA(AA20=0,TRUE),_xludf.XLOOKUP(T13-7,DB!$A:$A,DB!$AW:$AW),計算用!$C$4)} -> #NAME? | AC20: ハーピーの絶壁 | AD20: {=_xludf.XLOOKUP(AC20,計算用!$R$2:$R$36,計算用!$S$2:$S$36)<>19} -> #NAME? | AE20: {=_xludf.XLOOKUP(AC20,計算用!$R:$R,計算用!$W:$W)} -> #NAME? | AF20: {=_xludf.XLOOKUP(AC20,計算用!$R:$R,計算用!$Y:$Y)} -> #NAME? | AG20: {=_xludf.XLOOKUP(AC20,計算用!$R:$R,計算用!$X:$X)} -> #NAME? | AH20: {=_xludf.XLOOKUP(AC13,DB!$A:$A,DB!$AZ:$AZ)} -> #NAME? | AI20: {=_xludf.XLOOKUP(AC13,DB!$A:$A,DB!$BA:$BA)} -> #NAME? | AJ20: {=_xludf.XLOOKUP(AC13,DB!$A:$A,DB!$BB:$BB)} -> #NAME? | AK20: {=IF(_xludf.IFNA(AJ20=0,TRUE),_xludf.XLOOKUP(AC13-7,DB!$A:$A,DB!$AW:$AW),計算用!$C$4)} -> #NAME?
B21: 捨てられた地 | C21: {=_xludf.XLOOKUP(B21,計算用!$R$2:$R$36,計算用!$S$2:$S$36)<>19} -> #NAME? | D21: {=_xludf.XLOOKUP(B21,計算用!$R:$R,計算用!$W:$W)} -> #NAME? | E21: {=_xludf.XLOOKUP(B21,計算用!$R:$R,計算用!$Y:$Y)} -> #NAME? | F21: {=_xludf.XLOOKUP(B21,計算用!$R:$R,計算用!$X:$X)} -> #NAME? | G21: {=_xludf.XLOOKUP(B13,DB!$A:$A,DB!$BH:$BH)} -> #NAME? | H21: {=_xludf.XLOOKUP(B13,DB!$A:$A,DB!$BI:$BI)} -> #NAME? | I21: {=_xludf.XLOOKUP(B13,DB!$A:$A,DB!$BJ:$BJ)} -> #NAME? | J21: {=IF(_xludf.IFNA(I21=0,TRUE),_xludf.XLOOKUP(B13-7,DB!$A:$A,DB!$BE:$BE),計算用!$C$4)} -> #NAME? | K21: 廃城跡入り口 | L21: {=_xludf.XLOOKUP(K21,計算用!$R$2:$R$36,計算用!$S$2:$S$36)<>19} -> #NAME? | M21: {=_xludf.XLOOKUP(K21,計算用!$R:$R,計算用!$W:$W)} -> #NAME? | N21: {=_xludf.XLOOKUP(K21,計算用!$R:$R,計算用!$Y:$Y)} -> #NAME? | O21: {=_xludf.XLOOKUP(K21,計算用!$R:$R,計算用!$X:$X)} -> #NAME? | P21: {=_xludf.XLOOKUP(K13,DB!$A:$A,DB!$BH:$BH)} -> #NAME? | Q21: {=_xludf.XLOOKUP(K13,DB!$A:$A,DB!$BI:$BI)} -> #NAME? | R21: {=_xludf.XLOOKUP(K13,DB!$A:$A,DB!$BJ:$BJ)} -> #NAME? | S21: {=IF(_xludf.IFNA(R21=0,TRUE),_xludf.XLOOKUP(K13-7,DB!$A:$A,DB!$BE:$BE),計算用!$C$4)} -> #NAME? | T21: ブレディー砦 | U21: {=_xludf.XLOOKUP(T21,計算用!$R$2:$R$36,計算用!$S$2:$S$36)<>19} -> #NAME? | V21: {=_xludf.XLOOKUP(T21,計算用!$R:$R,計算用!$W:$W)} -> #NAME? | W21: {=_xludf.XLOOKUP(T21,計算用!$R:$R,計算用!$Y:$Y)} -> #NAME? | X21: {=_xludf.XLOOKUP(T21,計算用!$R:$R,計算用!$X:$X)} -> #NAME? | Y21: {=_xludf.XLOOKUP(T13,DB!$A:$A,DB!$BH:$BH)} -> #NAME? | Z21: {=_xludf.XLOOKUP(T13,DB!$A:$A,DB!$BI:$BI)} -> #NAME? | AA21: {=_xludf.XLOOKUP(T13,DB!$A:$A,DB!$BJ:$BJ)} -> #NAME? | AB21: {=IF(_xludf.IFNA(AA21=0,TRUE),_xludf.XLOOKUP(T13-7,DB!$A:$A,DB!$BE:$BE),計算用!$C$4)} -> #NAME? | AC21: ブリの森 | AD21: {=_xludf.XLOOKUP(AC21,計算用!$R$2:$R$36,計算用!$S$2:$S$36)<>19} -> #NAME? | AE21: {=_xludf.XLOOKUP(AC21,計算用!$R:$R,計算用!$W:$W)} -> #NAME? | AF21: {=_xludf.XLOOKUP(AC21,計算用!$R:$R,計算用!$Y:$Y)} -> #NAME? | AG21: {=_xludf.XLOOKUP(AC21,計算用!$R:$R,計算用!$X:$X)} -> #NAME? | AH21: {=_xludf.XLOOKUP(AC13,DB!$A:$A,DB!$BH:$BH)} -> #NAME? | AI21: {=_xludf.XLOOKUP(AC13,DB!$A:$A,DB!$BI:$BI)} -> #NAME? | AJ21: {=_xludf.XLOOKUP(AC13,DB!$A:$A,DB!$BJ:$BJ)} -> #NAME? | AK21: {=IF(_xludf.IFNA(AJ21=0,TRUE),_xludf.XLOOKUP(AC13-7,DB!$A:$A,DB!$BE:$BE),計算用!$C$4)} -> #NAME?
B22: ベア川下流 | C22: {=_xludf.XLOOKUP(B22,計算用!$R$2:$R$36,計算用!$S$2:$S$36)<>19} -> #NAME? | D22: {=_xludf.XLOOKUP(B22,計算用!$R:$R,計算用!$W:$W)} -> #NAME? | E22: {=_xludf.XLOOKUP(B22,計算用!$R:$R,計算用!$Y:$Y)} -> #NAME? | F22: {=_xludf.XLOOKUP(B22,計算用!$R:$R,計算用!$X:$X)} -> #NAME? | G22: {=_xludf.XLOOKUP(B13,DB!$A:$A,DB!$BP:$BP)} -> #NAME? | H22: {=_xludf.XLOOKUP(B13,DB!$A:$A,DB!$BQ:$BQ)} -> #NAME? | I22: {=_xludf.XLOOKUP(B13,DB!$A:$A,DB!$BR:$BR)} -> #NAME? | J22: {=IF(_xludf.IFNA(I22=0,TRUE),_xludf.XLOOKUP(B13-7,DB!$A:$A,DB!$BM:$BM),計算用!$C$4)} -> #NAME? | K22: カイア渡し場 | L22: {=_xludf.XLOOKUP(K22,計算用!$R$2:$R$36,計算用!$S$2:$S$36)<>19} -> #NAME? | M22: {=_xludf.XLOOKUP(K22,計算用!$R:$R,計算用!$W:$W)} -> #NAME? | N22: {=_xludf.XLOOKUP(K22,計算用!$R:$R,計算用!$Y:$Y)} -> #NAME? | O22: {=_xludf.XLOOKUP(K22,計算用!$R:$R,計算用!$X:$X)} -> #NAME? | P22: {=_xludf.XLOOKUP(K13,DB!$A:$A,DB!$BP:$BP)} -> #NAME? | Q22: {=_xludf.XLOOKUP(K13,DB!$A:$A,DB!$BQ:$BQ)} -> #NAME? | R22: {=_xludf.XLOOKUP(K13,DB!$A:$A,DB!$BR:$BR)} -> #NAME? | S22: {=IF(_xludf.IFNA(R22=0,TRUE),_xludf.XLOOKUP(K13-7,DB!$A:$A,DB!$BM:$BM),計算用!$C$4)} -> #NAME? | T22: エントの森 | U22: {=_xludf.XLOOKUP(T22,計算用!$R$2:$R$36,計算用!$S$2:$S$36)<>19} -> #NAME? | V22: {=_xludf.XLOOKUP(T22,計算用!$R:$R,計算用!$W:$W)} -> #NAME? | W22: {=_xludf.XLOOKUP(T22,計算用!$R:$R,計算用!$Y:$Y)} -> #NAME? | X22: {=_xludf.XLOOKUP(T22,計算用!$R:$R,計算用!$X:$X)} -> #NAME? | Y22: {=_xludf.XLOOKUP(T13,DB!$A:$A,DB!$BP:$BP)} -> #NAME? | Z22: {=_xludf.XLOOKUP(T13,DB!$A:$A,DB!$BQ:$BQ)} -> #NAME? | AA22: {=_xludf.XLOOKUP(T13,DB!$A:$A,DB!$BR:$BR)} -> #NAME? | AB22: {=IF(_xludf.IFNA(AA22=0,TRUE),_xludf.XLOOKUP(T13-7,DB!$A:$A,DB!$BM:$BM),計算用!$C$4)} -> #NAME? | AC22: マンシャの森の奥 | AD22: {=_xludf.XLOOKUP(AC22,計算用!$R$2:$R$36,計算用!$S$2:$S$36)<>19} -> #NAME? | AE22: {=_xludf.XLOOKUP(AC22,計算用!$R:$R,計算用!$W:$W)} -> #NAME? | AF22: {=_xludf.XLOOKUP(AC22,計算用!$R:$R,計算用!$Y:$Y)} -> #NAME? | AG22: {=_xludf.XLOOKUP(AC22,計算用!$R:$R,計算用!$X:$X)} -> #NAME? | AH22: {=_xludf.XLOOKUP(AC13,DB!$A:$A,DB!$BP:$BP)} -> #NAME? | AI22: {=_xludf.XLOOKUP(AC13,DB!$A:$A,DB!$BQ:$BQ)} -> #NAME? | AJ22: {=_xludf.XLOOKUP(AC13,DB!$A:$A,DB!$BR:$BR)} -> #NAME? | AK22: {=IF(_xludf.IFNA(AJ22=0,TRUE),_xludf.XLOOKUP(AC13-7,DB!$A:$A,DB!$BM:$BM),計算用!$C$4)} -> #NAME?
B23: アルティノ入り口 | C23: {=_xludf.XLOOKUP(B23,計算用!$R$2:$R$36,計算用!$S$2:$S$36)<>19} -> #NAME? | D23: {=_xludf.XLOOKUP(B23,計算用!$R:$R,計算用!$W:$W)} -> #NAME? | E23: {=_xludf.XLOOKUP(B23,計算用!$R:$R,計算用!$Y:$Y)} -> #NAME? | F23: {=_xludf.XLOOKUP(B23,計算用!$R:$R,計算用!$X:$X)} -> #NAME? | G23: {=_xludf.XLOOKUP(B13,DB!$A:$A,DB!$BX:$BX)} -> #NAME? | H23: {=_xludf.XLOOKUP(B13,DB!$A:$A,DB!$BY:$BY)} -> #NAME? | I23: {=_xludf.XLOOKUP(B13,DB!$A:$A,DB!$BZ:$BZ)} -> #NAME? | J23: {=IF(_xludf.IFNA(I23=0,TRUE),_xludf.XLOOKUP(B13-7,DB!$A:$A,DB!$BU:$BU),計算用!$C$4)} -> #NAME? | K23: カズラ農場 | L23: {=_xludf.XLOOKUP(K23,計算用!$R$2:$R$36,計算用!$S$2:$S$36)<>19} -> #NAME? | M23: {=_xludf.XLOOKUP(K23,計算用!$R:$R,計算用!$W:$W)} -> #NAME? | N23: {=_xludf.XLOOKUP(K23,計算用!$R:$R,計算用!$Y:$Y)} -> #NAME? | O23: {=_xludf.XLOOKUP(K23,計算用!$R:$R,計算用!$X:$X)} -> #NAME? | P23: {=_xludf.XLOOKUP(K13,DB!$A:$A,DB!$BX:$BX)} -> #NAME? | Q23: {=_xludf.XLOOKUP(K13,DB!$A:$A,DB!$BY:$BY)} -> #NAME? | R23: {=_xludf.XLOOKUP(K13,DB!$A:$A,DB!$BZ:$BZ)} -> #NAME? | S23: {=IF(_xludf.IFNA(R23=0,TRUE),_xludf.XLOOKUP(K13-7,DB!$A:$A,DB!$BU:$BU),計算用!$C$4)} -> #NAME? | T23: クリオ村 | U23: {=_xludf.XLOOKUP(T23,計算用!$R$2:$R$36,計算用!$S$2:$S$36)<>19} -> #NAME? | V23: {=_xludf.XLOOKUP(T23,計算用!$R:$R,計算用!$W:$W)} -> #NAME? | W23: {=_xludf.XLOOKUP(T23,計算用!$R:$R,計算用!$Y:$Y)} -> #NAME? | X23: {=_xludf.XLOOKUP(T23,計算用!$R:$R,計算用!$X:$X)} -> #NAME? | Y23: {=_xludf.XLOOKUP(T13,DB!$A:$A,DB!$BX:$BX)} -> #NAME? | Z23: {=_xludf.XLOOKUP(T13,DB!$A:$A,DB!$BY:$BY)} -> #NAME? | AA23: {=_xludf.XLOOKUP(T13,DB!$A:$A,DB!$BZ:$BZ)} -> #NAME? | AB23: {=IF(_xludf.IFNA(AA23=0,TRUE),_xludf.XLOOKUP(T13-7,DB!$A:$A,DB!$BU:$BU),計算用!$C$4)} -> #NAME? | AC23: 廃鉄鉱山採掘場 | AD23: {=_xludf.XLOOKUP(AC23,計算用!$R$2:$R$36,計算用!$S$2:$S$36)<>19} -> #NAME? | AE23: {=_xludf.XLOOKUP(AC23,計算用!$R:$R,計算用!$W:$W)} -> #NAME? | AF23: {=_xludf.XLOOKUP(AC23,計算用!$R:$R,計算用!$Y:$Y)} -> #NAME? | AG23: {=_xludf.XLOOKUP(AC23,計算用!$R:$R,計算用!$X:$X)} -> #NAME? | AH23: {=_xludf.XLOOKUP(AC13,DB!$A:$A,DB!$BX:$BX)} -> #NAME? | AI23: {=_xludf.XLOOKUP(AC13,DB!$A:$A,DB!$BY:$BY)} -> #NAME? | AJ23: {=_xludf.XLOOKUP(AC13,DB!$A:$A,DB!$BZ:$BZ)} -> #NAME? | AK23: {=IF(_xludf.IFNA(AJ23=0,TRUE),_xludf.XLOOKUP(AC13-7,DB!$A:$A,DB!$BU:$BU),計算用!$C$4)} -> #NAME?
B24: =B13+7 -> 45900 | C24: 22時 | D24: 城塞 | E24: 枠 | F24: 人数 | G24: 統一 | H24: 宴会 | I24: 税 | J24: 保有 | K24: =B24+1 -> 45901 | L24: 22時 | M24: 種別 | N24: 枠 | O24: 人数 | P24: 統一 | Q24: 宴会 | R24: 税 | S24: 保有 | T24: =K24+3 -> 45904 | U24: 22時 | V24: 種別 | W24: 枠 | X24: 人数 | Y24: 統一 | Z24: 宴会 | AA24: 税 | AB24: 保有 | AC24: =T24+1 -> 45905 | AD24: 22時 | AE24: 種別 | AF24: 枠 | AG24: 人数 | AH24: 統一 | AI24: 宴会 | AJ24: 税 | AK24: 保有
B25: デルニール農場 | C25: {=_xludf.XLOOKUP(B25,計算用!$R$2:$R$36,計算用!$S$2:$S$36)<>19} -> #NAME? | D25: {=_xludf.XLOOKUP(B25,計算用!$R:$R,計算用!$W:$W)} -> #NAME? | E25: {=_xludf.XLOOKUP(B25,計算用!$R:$R,計算用!$Y:$Y)} -> #NAME? | F25: {=_xludf.XLOOKUP(B25,計算用!$R:$R,計算用!$X:$X)} -> #NAME? | G25: - | H25: {=_xludf.XLOOKUP(B24,DB!$A:$A,DB!$F:$F)} -> #NAME? | I25: {=_xludf.XLOOKUP(B24,DB!$A:$A,DB!$G:$G)} -> #NAME? | J25: {=IF(_xludf.IFNA(I25=0,TRUE),_xludf.XLOOKUP(B24-7,DB!$A:$A,DB!$C:$C),計算用!$C$4)} -> #NAME? | K25: ルツム族駐屯地 | L25: {=_xludf.XLOOKUP(K25,計算用!$R$2:$R$36,計算用!$S$2:$S$36)<>19} -> #NAME? | M25: {=_xludf.XLOOKUP(K25,計算用!$R:$R,計算用!$W:$W)} -> #NAME? | N25: {=_xludf.XLOOKUP(K25,計算用!$R:$R,計算用!$Y:$Y)} -> #NAME? | O25: {=_xludf.XLOOKUP(K25,計算用!$R:$R,計算用!$X:$X)} -> #NAME? | P25: - | Q25: {=_xludf.XLOOKUP(K24,DB!$A:$A,DB!$F:$F)} -> #NAME? | R25: {=_xludf.XLOOKUP(K24,DB!$A:$A,DB!$G:$G)} -> #NAME? | S25: {=IF(_xludf.IFNA(R25=0,TRUE),_xludf.XLOOKUP(K24-7,DB!$A:$A,DB!$C:$C),計算用!$C$4)} -> #NAME? | T25: 北部大農場 | U25: {=_xludf.XLOOKUP(T25,計算用!$R$2:$R$36,計算用!$S$2:$S$36)<>19} -> #NAME? | V25: {=_xludf.XLOOKUP(T25,計算用!$R:$R,計算用!$W:$W)} -> #NAME? | W25: {=_xludf.XLOOKUP(T25,計算用!$R:$R,計算用!$Y:$Y)} -> #NAME? | X25: {=_xludf.XLOOKUP(T25,計算用!$R:$R,計算用!$X:$X)} -> #NAME? | Y25: - | Z25: {=_xludf.XLOOKUP(T24,DB!$A:$A,DB!$F:$F)} -> #NAME? | AA25: {=_xludf.XLOOKUP(T24,DB!$A:$A,DB!$G:$G)} -> #NAME? | AB25: {=IF(_xludf.IFNA(AA25=0,TRUE),_xludf.XLOOKUP(T24-7,DB!$A:$A,DB!$C:$C),計算用!$C$4)} -> #NAME? | AC25: アグリス祭壇 | AD25: {=_xludf.XLOOKUP(AC25,計算用!$R$2:$R$36,計算用!$S$2:$S$36)<>19} -> #NAME? | AE25: {=_xludf.XLOOKUP(AC25,計算用!$R:$R,計算用!$W:$W)} -> #NAME? | AF25: {=_xludf.XLOOKUP(AC25,計算用!$R:$R,計算用!$Y:$Y)} -> #NAME? | AG25: {=_xludf.XLOOKUP(AC25,計算用!$R:$R,計算用!$X:$X)} -> #NAME? | AH25: - | AI25: {=_xludf.XLOOKUP(AC24,DB!$A:$A,DB!$F:$F)} -> #NAME? | AJ25: {=_xludf.XLOOKUP(AC24,DB!$A:$A,DB!$G:$G)} -> #NAME? | AK25: {=IF(_xludf.IFNA(AJ25=0,TRUE),_xludf.XLOOKUP(AC24-7,DB!$A:$A,DB!$C:$C),計算用!$C$4)} -> #NAME?
J26: {=IF(_xludf.IFNA(I26=0,TRUE),_xludf.XLOOKUP(B24-7,DB!$A:$A,DB!$J:$J),計算用!$C$4)} -> #NAME? | K26: アト農場 | L26: {=_xludf.XLOOKUP(K26,計算用!$R$2:$R$36,計算用!$S$2:$S$36)<>19} -> #NAME? | M26: {=_xludf.XLOOKUP(K26,計算用!$R:$R,計算用!$W:$W)} -> #NAME? | N26: {=_xludf.XLOOKUP(K26,計算用!$R:$R,計算用!$Y:$Y)} -> #NAME? | O26: {=_xludf.XLOOKUP(K26,計算用!$R:$R,計算用!$X:$X)} -> #NAME? | P26: - | Q26: {=_xludf.XLOOKUP(K24,DB!$A:$A,DB!$M:$M)} -> #NAME? | R26: {=_xludf.XLOOKUP(K24,DB!$A:$A,DB!$N:$N)} -> #NAME? | S26: {=IF(_xludf.IFNA(R26=0,TRUE),_xludf.XLOOKUP(K24-7,DB!$A:$A,DB!$J:$J),計算用!$C$4)} -> #NAME?
B27: 略奪の森 | C27: {=_xludf.XLOOKUP(B27,計算用!$R$2:$R$36,計算用!$S$2:$S$36)<>19} -> #NAME? | D27: {=_xludf.XLOOKUP(B27,計算用!$R:$R,計算用!$W:$W)} -> #NAME? | E27: {=_xludf.XLOOKUP(B27,計算用!$R:$R,計算用!$Y:$Y)} -> #NAME? | F27: {=_xludf.XLOOKUP(B27,計算用!$R:$R,計算用!$X:$X)} -> #NAME? | G27: {=_xludf.XLOOKUP(B24,DB!$A:$A,DB!$T:$T)} -> #NAME? | H27: {=_xludf.XLOOKUP(B24,DB!$A:$A,DB!$U:$U)} -> #NAME? | I27: {=_xludf.XLOOKUP(B24,DB!$A:$A,DB!$V:$V)} -> #NAME? | J27: {=IF(_xludf.IFNA(I27=0,TRUE),_xludf.XLOOKUP(B24-7,DB!$A:$A,DB!$Q:$Q),計算用!$C$4)} -> #NAME? | K27: ベリア農場地帯 | L27: {=_xludf.XLOOKUP(K27,計算用!$R$2:$R$36,計算用!$S$2:$S$36)<>19} -> #NAME? | M27: {=_xludf.XLOOKUP(K27,計算用!$R:$R,計算用!$W:$W)} -> #NAME? | N27: {=_xludf.XLOOKUP(K27,計算用!$R:$R,計算用!$Y:$Y)} -> #NAME? | O27: {=_xludf.XLOOKUP(K27,計算用!$R:$R,計算用!$X:$X)} -> #NAME? | P27: {=_xludf.XLOOKUP(K24,DB!$A:$A,DB!$T:$T)} -> #NAME? | Q27: {=_xludf.XLOOKUP(K24,DB!$A:$A,DB!$U:$U)} -> #NAME? | R27: {=_xludf.XLOOKUP(K24,DB!$A:$A,DB!$V:$V)} -> #NAME? | S27: {=IF(_xludf.IFNA(R27=0,TRUE),_xludf.XLOOKUP(K24-7,DB!$A:$A,DB!$Q:$Q),計算用!$C$4)} -> #NAME? | T27: トロル防御基地 | U27: {=_xludf.XLOOKUP(T27,計算用!$R$2:$R$36,計算用!$S$2:$S$36)<>19} -> #NAME? | V27: {=_xludf.XLOOKUP(T27,計算用!$R:$R,計算用!$W:$W)} -> #NAME? | W27: {=_xludf.XLOOKUP(T27,計算用!$R:$R,計算用!$Y:$Y)} -> #NAME? | X27: {=_xludf.XLOOKUP(T27,計算用!$R:$R,計算用!$X:$X)} -> #NAME? | Y27: {=_xludf.XLOOKUP(T24,DB!$A:$A,DB!$T:$T)} -> #NAME? | Z27: {=_xludf.XLOOKUP(T24,DB!$A:$A,DB!$U:$U)} -> #NAME? | AA27: {=_xludf.XLOOKUP(T24,DB!$A:$A,DB!$V:$V)} -> #NAME? | AB27: {=IF(_xludf.IFNA(AA27=0,TRUE),_xludf.XLOOKUP(T24-7,DB!$A:$A,DB!$Q:$Q),計算用!$C$4)} -> #NAME? | AC27: ナーガ抽出場 | AD27: {=_xludf.XLOOKUP(AC27,計算用!$R$2:$R$36,計算用!$S$2:$S$36)<>19} -> #NAME? | AE27: {=_xludf.XLOOKUP(AC27,計算用!$R:$R,計算用!$W:$W)} -> #NAME? | AF27: {=_xludf.XLOOKUP(AC27,計算用!$R:$R,計算用!$Y:$Y)} -> #NAME? | AG27: {=_xludf.XLOOKUP(AC27,計算用!$R:$R,計算用!$X:$X)} -> #NAME? | AH27: {=_xludf.XLOOKUP(AC24,DB!$A:$A,DB!$T:$T)} -> #NAME? | AI27: {=_xludf.XLOOKUP(AC24,DB!$A:$A,DB!$U:$U)} -> #NAME? | AJ27: {=_xludf.XLOOKUP(AC24,DB!$A:$A,DB!$V:$V)} -> #NAME? | AK27: {=IF(_xludf.IFNA(AJ27=0,TRUE),_xludf.XLOOKUP(AC24-7,DB!$A:$A,DB!$Q:$Q),計算用!$C$4)} -> #NAME?
B28: 忘却の地 | C28: {=_xludf.XLOOKUP(B28,計算用!$R$2:$R$36,計算用!$S$2:$S$36)<>19} -> #NAME? | D28: {=_xludf.XLOOKUP(B28,計算用!$R:$R,計算用!$W:$W)} -> #NAME? | E28: {=_xludf.XLOOKUP(B28,計算用!$R:$R,計算用!$Y:$Y)} -> #NAME? | F28: {=_xludf.XLOOKUP(B28,計算用!$R:$R,計算用!$X:$X)} -> #NAME? | G28: {=_xludf.XLOOKUP(B24,DB!$A:$A,DB!$AB:$AB)} -> #NAME? | H28: {=_xludf.XLOOKUP(B24,DB!$A:$A,DB!$AC:$AC)} -> #NAME? | I28: {=_xludf.XLOOKUP(B24,DB!$A:$A,DB!$AD:$AD)} -> #NAME? | J28: {=IF(_xludf.IFNA(I28=0,TRUE),_xludf.XLOOKUP(B24-7,DB!$A:$A,DB!$Y:$Y),計算用!$C$4)} -> #NAME? | K28: ギュントの丘 | L28: {=_xludf.XLOOKUP(K28,計算用!$R$2:$R$36,計算用!$S$2:$S$36)<>19} -> #NAME? | M28: {=_xludf.XLOOKUP(K28,計算用!$R:$R,計算用!$W:$W)} -> #NAME? | N28: {=_xludf.XLOOKUP(K28,計算用!$R:$R,計算用!$Y:$Y)} -> #NAME? | O28: {=_xludf.XLOOKUP(K28,計算用!$R:$R,計算用!$X:$X)} -> #NAME? | P28: {=_xludf.XLOOKUP(K24,DB!$A:$A,DB!$AB:$AB)} -> #NAME? | Q28: {=_xludf.XLOOKUP(K24,DB!$A:$A,DB!$AC:$AC)} -> #NAME? | R28: {=_xludf.XLOOKUP(K24,DB!$A:$A,DB!$AD:$AD)} -> #NAME? | S28: {=IF(_xludf.IFNA(R28=0,TRUE),_xludf.XLOOKUP(K24-7,DB!$A:$A,DB!$Y:$Y),計算用!$C$4)} -> #NAME? | T28: 隠された修道院 | U28: {=_xludf.XLOOKUP(T28,計算用!$R$2:$R$36,計算用!$S$2:$S$36)<>19} -> #NAME? | V28: {=_xludf.XLOOKUP(T28,計算用!$R:$R,計算用!$W:$W)} -> #NAME? | W28: {=_xludf.XLOOKUP(T28,計算用!$R:$R,計算用!$Y:$Y)} -> #NAME? | X28: {=_xludf.XLOOKUP(T28,計算用!$R:$R,計算用!$X:$X)} -> #NAME? | Y28: {=_xludf.XLOOKUP(T24,DB!$A:$A,DB!$AB:$AB)} -> #NAME? | Z28: {=_xludf.XLOOKUP(T24,DB!$A:$A,DB!$AC:$AC)} -> #NAME? | AA28: {=_xludf.XLOOKUP(T24,DB!$A:$A,DB!$AD:$AD)} -> #NAME? | AB28: {=IF(_xludf.IFNA(AA28=0,TRUE),_xludf.XLOOKUP(T24-7,DB!$A:$A,DB!$Y:$Y),計算用!$C$4)} -> #NAME? | AC28: オークキャンプ | AD28: {=_xludf.XLOOKUP(AC28,計算用!$R$2:$R$36,計算用!$S$2:$S$36)<>19} -> #NAME? | AE28: {=_xludf.XLOOKUP(AC28,計算用!$R:$R,計算用!$W:$W)} -> #NAME? | AF28: {=_xludf.XLOOKUP(AC28,計算用!$R:$R,計算用!$Y:$Y)} -> #NAME? | AG28: {=_xludf.XLOOKUP(AC28,計算用!$R:$R,計算用!$X:$X)} -> #NAME? | AH28: {=_xludf.XLOOKUP(AC24,DB!$A:$A,DB!$AB:$AB)} -> #NAME? | AI28: {=_xludf.XLOOKUP(AC24,DB!$A:$A,DB!$AC:$AC)} -> #NAME? | AJ28: {=_xludf.XLOOKUP(AC24,DB!$A:$A,DB!$AD:$AD)} -> #NAME? | AK28: {=IF(_xludf.IFNA(AJ28=0,TRUE),_xludf.XLOOKUP(AC24-7,DB!$A:$A,DB!$Y:$Y),計算用!$C$4)} -> #NAME?
J29: {=IF(_xludf.IFNA(I29=0,TRUE),_xludf.XLOOKUP(B24-7,DB!$A:$A,DB!$AG:$AG),計算用!$C$4)} -> #NAME? | K29: 高原地帯 | L29: {=_xludf.XLOOKUP(K29,計算用!$R$2:$R$36,計算用!$S$2:$S$36)<>19} -> #NAME? | M29: {=_xludf.XLOOKUP(K29,計算用!$R:$R,計算用!$W:$W)} -> #NAME? | N29: {=_xludf.XLOOKUP(K29,計算用!$R:$R,計算用!$Y:$Y)} -> #NAME? | O29: {=_xludf.XLOOKUP(K29,計算用!$R:$R,計算用!$X:$X)} -> #NAME? | P29: {=_xludf.XLOOKUP(K24,DB!$A:$A,DB!$AJ:$AJ)} -> #NAME? | Q29: {=_xludf.XLOOKUP(K24,DB!$A:$A,DB!$AK:$AK)} -> #NAME? | R29: {=_xludf.XLOOKUP(K24,DB!$A:$A,DB!$AL:$AL)} -> #NAME? | S29: {=IF(_xludf.IFNA(R29=0,TRUE),_xludf.XLOOKUP(K24-7,DB!$A:$A,DB!$AG:$AG),計算用!$C$4)} -> #NAME? | T29: マルニの第2実験場 | U29: {=_xludf.XLOOKUP(T29,計算用!$R$2:$R$36,計算用!$S$2:$S$36)<>19} -> #NAME? | V29: {=_xludf.XLOOKUP(T29,計算用!$R:$R,計算用!$W:$W)} -> #NAME? | W29: {=_xludf.XLOOKUP(T29,計算用!$R:$R,計算用!$Y:$Y)} -> #NAME? | X29: {=_xludf.XLOOKUP(T29,計算用!$R:$R,計算用!$X:$X)} -> #NAME? | Y29: {=_xludf.XLOOKUP(T24,DB!$A:$A,DB!$AJ:$AJ)} -> #NAME? | Z29: {=_xludf.XLOOKUP(T24,DB!$A:$A,DB!$AK:$AK)} -> #NAME? | AA29: {=_xludf.XLOOKUP(T24,DB!$A:$A,DB!$AL:$AL)} -> #NAME? | AB29: {=IF(_xludf.IFNA(AA29=0,TRUE),_xludf.XLOOKUP(T24-7,DB!$A:$A,DB!$AG:$AG),計算用!$C$4)} -> #NAME?
B30: ナーガ沼地 | C30: {=_xludf.XLOOKUP(B30,計算用!$R$2:$R$36,計算用!$S$2:$S$36)<>19} -> #NAME? | D30: {=_xludf.XLOOKUP(B30,計算用!$R:$R,計算用!$W:$W)} -> #NAME? | E30: {=_xludf.XLOOKUP(B30,計算用!$R:$R,計算用!$Y:$Y)} -> #NAME? | F30: {=_xludf.XLOOKUP(B30,計算用!$R:$R,計算用!$X:$X)} -> #NAME? | G30: {=_xludf.XLOOKUP(B24,DB!$A:$A,DB!$AR:$AR)} -> #NAME? | H30: {=_xludf.XLOOKUP(B24,DB!$A:$A,DB!$AS:$AS)} -> #NAME? | I30: {=_xludf.XLOOKUP(B24,DB!$A:$A,DB!$AT:$AT)} -> #NAME? | J30: {=IF(_xludf.IFNA(I30=0,TRUE),_xludf.XLOOKUP(B24-7,DB!$A:$A,DB!$AO:$AO),計算用!$C$4)} -> #NAME? | K30: 隠遁の森 | L30: {=_xludf.XLOOKUP(K30,計算用!$R$2:$R$36,計算用!$S$2:$S$36)<>19} -> #NAME? | M30: {=_xludf.XLOOKUP(K30,計算用!$R:$R,計算用!$W:$W)} -> #NAME? | N30: {=_xludf.XLOOKUP(K30,計算用!$R:$R,計算用!$Y:$Y)} -> #NAME? | O30: {=_xludf.XLOOKUP(K30,計算用!$R:$R,計算用!$X:$X)} -> #NAME? | P30: {=_xludf.XLOOKUP(K24,DB!$A:$A,DB!$AR:$AR)} -> #NAME? | Q30: {=_xludf.XLOOKUP(K24,DB!$A:$A,DB!$AS:$AS)} -> #NAME? | R30: {=_xludf.XLOOKUP(K24,DB!$A:$A,DB!$AT:$AT)} -> #NAME? | S30: {=IF(_xludf.IFNA(R30=0,TRUE),_xludf.XLOOKUP(K24-7,DB!$A:$A,DB!$AO:$AO),計算用!$C$4)} -> #NAME? | T30: アグリス平原 | U30: {=_xludf.XLOOKUP(T30,計算用!$R$2:$R$36,計算用!$S$2:$S$36)<>19} -> #NAME? | V30: {=_xludf.XLOOKUP(T30,計算用!$R:$R,計算用!$W:$W)} -> #NAME? | W30: {=_xludf.XLOOKUP(T30,計算用!$R:$R,計算用!$Y:$Y)} -> #NAME? | X30: {=_xludf.XLOOKUP(T30,計算用!$R:$R,計算用!$X:$X)} -> #NAME? | Y30: {=_xludf.XLOOKUP(T24,DB!$A:$A,DB!$AR:$AR)} -> #NAME? | Z30: {=_xludf.XLOOKUP(T24,DB!$A:$A,DB!$AS:$AS)} -> #NAME? | AA30: {=_xludf.XLOOKUP(T24,DB!$A:$A,DB!$AT:$AT)} -> #NAME? | AB30: {=IF(_xludf.IFNA(AA30=0,TRUE),_xludf.XLOOKUP(T24-7,DB!$A:$A,DB!$AO:$AO),計算用!$C$4)} -> #NAME? | AC30: 北部採石場 | AD30: {=_xludf.XLOOKUP(AC30,計算用!$R$2:$R$36,計算用!$S$2:$S$36)<>19} -> #NAME? | AE30: {=_xludf.XLOOKUP(AC30,計算用!$R:$R,計算用!$W:$W)} -> #NAME? | AF30: {=_xludf.XLOOKUP(AC30,計算用!$R:$R,計算用!$Y:$Y)} -> #NAME? | AG30: {=_xludf.XLOOKUP(AC30,計算用!$R:$R,計算用!$X:$X)} -> #NAME? | AH30: {=_xludf.XLOOKUP(AC24,DB!$A:$A,DB!$AR:$AR)} -> #NAME? | AI30: {=_xludf.XLOOKUP(AC24,DB!$A:$A,DB!$AS:$AS)} -> #NAME? | AJ30: {=_xludf.XLOOKUP(AC24,DB!$A:$A,DB!$AT:$AT)} -> #NAME? | AK30: {=IF(_xludf.IFNA(AJ30=0,TRUE),_xludf.XLOOKUP(AC24-7,DB!$A:$A,DB!$AO:$AO),計算用!$C$4)} -> #NAME?
B31: 旧ダンデリオン | C31: {=_xludf.XLOOKUP(B31,計算用!$R$2:$R$36,計算用!$S$2:$S$36)<>19} -> #NAME? | D31: {=_xludf.XLOOKUP(B31,計算用!$R:$R,計算用!$W:$W)} -> #NAME? | E31: {=_xludf.XLOOKUP(B31,計算用!$R:$R,計算用!$Y:$Y)} -> #NAME? | F31: {=_xludf.XLOOKUP(B31,計算用!$R:$R,計算用!$X:$X)} -> #NAME? | G31: {=_xludf.XLOOKUP(B24,DB!$A:$A,DB!$AZ:$AZ)} -> #NAME? | H31: {=_xludf.XLOOKUP(B24,DB!$A:$A,DB!$BA:$BA)} -> #NAME? | I31: {=_xludf.XLOOKUP(B24,DB!$A:$A,DB!$BB:$BB)} -> #NAME? | J31: {=IF(_xludf.IFNA(I31=0,TRUE),_xludf.XLOOKUP(B24-7,DB!$A:$A,DB!$AW:$AW),計算用!$C$4)} -> #NAME? | K31: エワズの丘 | L31: {=_xludf.XLOOKUP(K31,計算用!$R$2:$R$36,計算用!$S$2:$S$36)<>19} -> #NAME? | M31: {=_xludf.XLOOKUP(K31,計算用!$R:$R,計算用!$W:$W)} -> #NAME? | N31: {=_xludf.XLOOKUP(K31,計算用!$R:$R,計算用!$Y:$Y)} -> #NAME? | O31: {=_xludf.XLOOKUP(K31,計算用!$R:$R,計算用!$X:$X)} -> #NAME? | P31: {=_xludf.XLOOKUP(K24,DB!$A:$A,DB!$AZ:$AZ)} -> #NAME? | Q31: {=_xludf.XLOOKUP(K24,DB!$A:$A,DB!$BA:$BA)} -> #NAME? | R31: {=_xludf.XLOOKUP(K24,DB!$A:$A,DB!$BB:$BB)} -> #NAME? | S31: {=IF(_xludf.IFNA(R31=0,TRUE),_xludf.XLOOKUP(K24-7,DB!$A:$A,DB!$AW:$AW),計算用!$C$4)} -> #NAME? | T31: リンチ農場廃墟 | U31: {=_xludf.XLOOKUP(T31,計算用!$R$2:$R$36,計算用!$S$2:$S$36)<>19} -> #NAME? | V31: {=_xludf.XLOOKUP(T31,計算用!$R:$R,計算用!$W:$W)} -> #NAME? | W31: {=_xludf.XLOOKUP(T31,計算用!$R:$R,計算用!$Y:$Y)} -> #NAME? | X31: {=_xludf.XLOOKUP(T31,計算用!$R:$R,計算用!$X:$X)} -> #NAME? | Y31: {=_xludf.XLOOKUP(T24,DB!$A:$A,DB!$AZ:$AZ)} -> #NAME? | Z31: {=_xludf.XLOOKUP(T24,DB!$A:$A,DB!$BA:$BA)} -> #NAME? | AA31: {=_xludf.XLOOKUP(T24,DB!$A:$A,DB!$BB:$BB)} -> #NAME? | AB31: {=IF(_xludf.IFNA(AA31=0,TRUE),_xludf.XLOOKUP(T24-7,DB!$A:$A,DB!$AW:$AW),計算用!$C$4)} -> #NAME? | AC31: ハーピーの絶壁 | AD31: {=_xludf.XLOOKUP(AC31,計算用!$R$2:$R$36,計算用!$S$2:$S$36)<>19} -> #NAME? | AE31: {=_xludf.XLOOKUP(AC31,計算用!$R:$R,計算用!$W:$W)} -> #NAME? | AF31: {=_xludf.XLOOKUP(AC31,計算用!$R:$R,計算用!$Y:$Y)} -> #NAME? | AG31: {=_xludf.XLOOKUP(AC31,計算用!$R:$R,計算用!$X:$X)} -> #NAME? | AH31: {=_xludf.XLOOKUP(AC24,DB!$A:$A,DB!$AZ:$AZ)} -> #NAME? | AI31: {=_xludf.XLOOKUP(AC24,DB!$A:$A,DB!$BA:$BA)} -> #NAME? | AJ31: {=_xludf.XLOOKUP(AC24,DB!$A:$A,DB!$BB:$BB)} -> #NAME? | AK31: {=IF(_xludf.IFNA(AJ31=0,TRUE),_xludf.XLOOKUP(AC24-7,DB!$A:$A,DB!$AW:$AW),計算用!$C$4)} -> #NAME?
B32: 捨てられた地 | C32: {=_xludf.XLOOKUP(B32,計算用!$R$2:$R$36,計算用!$S$2:$S$36)<>19} -> #NAME? | D32: {=_xludf.XLOOKUP(B32,計算用!$R:$R,計算用!$W:$W)} -> #NAME? | E32: {=_xludf.XLOOKUP(B32,計算用!$R:$R,計算用!$Y:$Y)} -> #NAME? | F32: {=_xludf.XLOOKUP(B32,計算用!$R:$R,計算用!$X:$X)} -> #NAME? | G32: {=_xludf.XLOOKUP(B24,DB!$A:$A,DB!$BH:$BH)} -> #NAME? | H32: {=_xludf.XLOOKUP(B24,DB!$A:$A,DB!$BI:$BI)} -> #NAME? | I32: {=_xludf.XLOOKUP(B24,DB!$A:$A,DB!$BJ:$BJ)} -> #NAME? | J32: {=IF(_xludf.IFNA(I32=0,TRUE),_xludf.XLOOKUP(B24-7,DB!$A:$A,DB!$BE:$BE),計算用!$C$4)} -> #NAME? | K32: 廃城跡入り口 | L32: {=_xludf.XLOOKUP(K32,計算用!$R$2:$R$36,計算用!$S$2:$S$36)<>19} -> #NAME? | M32: {=_xludf.XLOOKUP(K32,計算用!$R:$R,計算用!$W:$W)} -> #NAME? | N32: {=_xludf.XLOOKUP(K32,計算用!$R:$R,計算用!$Y:$Y)} -> #NAME? | O32: {=_xludf.XLOOKUP(K32,計算用!$R:$R,計算用!$X:$X)} -> #NAME? | P32: {=_xludf.XLOOKUP(K24,DB!$A:$A,DB!$BH:$BH)} -> #NAME? | Q32: {=_xludf.XLOOKUP(K24,DB!$A:$A,DB!$BI:$BI)} -> #NAME? | R32: {=_xludf.XLOOKUP(K24,DB!$A:$A,DB!$BJ:$BJ)} -> #NAME? | S32: {=IF(_xludf.IFNA(R32=0,TRUE),_xludf.XLOOKUP(K24-7,DB!$A:$A,DB!$BE:$BE),計算用!$C$4)} -> #NAME? | T32: ブレディー砦 | U32: {=_xludf.XLOOKUP(T32,計算用!$R$2:$R$36,計算用!$S$2:$S$36)<>19} -> #NAME? | V32: {=_xludf.XLOOKUP(T32,計算用!$R:$R,計算用!$W:$W)} -> #NAME? | W32: {=_xludf.XLOOKUP(T32,計算用!$R:$R,計算用!$Y:$Y)} -> #NAME? | X32: {=_xludf.XLOOKUP(T32,計算用!$R:$R,計算用!$X:$X)} -> #NAME? | Y32: {=_xludf.XLOOKUP(T24,DB!$A:$A,DB!$BH:$BH)} -> #NAME? | Z32: {=_xludf.XLOOKUP(T24,DB!$A:$A,DB!$BI:$BI)} -> #NAME? | AA32: {=_xludf.XLOOKUP(T24,DB!$A:$A,DB!$BJ:$BJ)} -> #NAME? | AB32: {=IF(_xludf.IFNA(AA32=0,TRUE),_xludf.XLOOKUP(T24-7,DB!$A:$A,DB!$BE:$BE),計算用!$C$4)} -> #NAME? | AC32: ブリの森 | AD32: {=_xludf.XLOOKUP(AC32,計算用!$R$2:$R$36,計算用!$S$2:$S$36)<>19} -> #NAME? | AE32: {=_xludf.XLOOKUP(AC32,計算用!$R:$R,計算用!$W:$W)} -> #NAME? | AF32: {=_xludf.XLOOKUP(AC32,計算用!$R:$R,計算用!$Y:$Y)} -> #NAME? | AG32: {=_xludf.XLOOKUP(AC32,計算用!$R:$R,計算用!$X:$X)} -> #NAME? | AH32: {=_xludf.XLOOKUP(AC24,DB!$A:$A,DB!$BH:$BH)} -> #NAME? | AI32: {=_xludf.XLOOKUP(AC24,DB!$A:$A,DB!$BI:$BI)} -> #NAME? | AJ32: {=_xludf.XLOOKUP(AC24,DB!$A:$A,DB!$BJ:$BJ)} -> #NAME? | AK32: {=IF(_xludf.IFNA(AJ32=0,TRUE),_xludf.XLOOKUP(AC24-7,DB!$A:$A,DB!$BE:$BE),計算用!$C$4)} -> #NAME?
B33: ベア川下流 | C33: {=_xludf.XLOOKUP(B33,計算用!$R$2:$R$36,計算用!$S$2:$S$36)<>19} -> #NAME? | D33: {=_xludf.XLOOKUP(B33,計算用!$R:$R,計算用!$W:$W)} -> #NAME? | E33: {=_xludf.XLOOKUP(B33,計算用!$R:$R,計算用!$Y:$Y)} -> #NAME? | F33: {=_xludf.XLOOKUP(B33,計算用!$R:$R,計算用!$X:$X)} -> #NAME? | G33: {=_xludf.XLOOKUP(B24,DB!$A:$A,DB!$BP:$BP)} -> #NAME? | H33: {=_xludf.XLOOKUP(B24,DB!$A:$A,DB!$BQ:$BQ)} -> #NAME? | I33: {=_xludf.XLOOKUP(B24,DB!$A:$A,DB!$BR:$BR)} -> #NAME? | J33: {=IF(_xludf.IFNA(I33=0,TRUE),_xludf.XLOOKUP(B24-7,DB!$A:$A,DB!$BM:$BM),計算用!$C$4)} -> #NAME? | K33: カイア渡し場 | L33: {=_xludf.XLOOKUP(K33,計算用!$R$2:$R$36,計算用!$S$2:$S$36)<>19} -> #NAME? | M33: {=_xludf.XLOOKUP(K33,計算用!$R:$R,計算用!$W:$W)} -> #NAME? | N33: {=_xludf.XLOOKUP(K33,計算用!$R:$R,計算用!$Y:$Y)} -> #NAME? | O33: {=_xludf.XLOOKUP(K33,計算用!$R:$R,計算用!$X:$X)} -> #NAME? | P33: {=_xludf.XLOOKUP(K24,DB!$A:$A,DB!$BP:$BP)} -> #NAME? | Q33: {=_xludf.XLOOKUP(K24,DB!$A:$A,DB!$BQ:$BQ)} -> #NAME? | R33: {=_xludf.XLOOKUP(K24,DB!$A:$A,DB!$BR:$BR)} -> #NAME? | S33: {=IF(_xludf.IFNA(R33=0,TRUE),_xludf.XLOOKUP(K24-7,DB!$A:$A,DB!$BM:$BM),計算用!$C$4)} -> #NAME? | T33: エントの森 | U33: {=_xludf.XLOOKUP(T33,計算用!$R$2:$R$36,計算用!$S$2:$S$36)<>19} -> #NAME? | V33: {=_xludf.XLOOKUP(T33,計算用!$R:$R,計算用!$W:$W)} -> #NAME? | W33: {=_xludf.XLOOKUP(T33,計算用!$R:$R,計算用!$Y:$Y)} -> #NAME? | X33: {=_xludf.XLOOKUP(T33,計算用!$R:$R,計算用!$X:$X)} -> #NAME? | Y33: {=_xludf.XLOOKUP(T24,DB!$A:$A,DB!$BP:$BP)} -> #NAME? | Z33: {=_xludf.XLOOKUP(T24,DB!$A:$A,DB!$BQ:$BQ)} -> #NAME? | AA33: {=_xludf.XLOOKUP(T24,DB!$A:$A,DB!$BR:$BR)} -> #NAME? | AB33: {=IF(_xludf.IFNA(AA33=0,TRUE),_xludf.XLOOKUP(T24-7,DB!$A:$A,DB!$BM:$BM),計算用!$C$4)} -> #NAME? | AC33: マンシャの森の奥 | AD33: {=_xludf.XLOOKUP(AC33,計算用!$R$2:$R$36,計算用!$S$2:$S$36)<>19} -> #NAME? | AE33: {=_xludf.XLOOKUP(AC33,計算用!$R:$R,計算用!$W:$W)} -> #NAME? | AF33: {=_xludf.XLOOKUP(AC33,計算用!$R:$R,計算用!$Y:$Y)} -> #NAME? | AG33: {=_xludf.XLOOKUP(AC33,計算用!$R:$R,計算用!$X:$X)} -> #NAME? | AH33: {=_xludf.XLOOKUP(AC24,DB!$A:$A,DB!$BP:$BP)} -> #NAME? | AI33: {=_xludf.XLOOKUP(AC24,DB!$A:$A,DB!$BQ:$BQ)} -> #NAME? | AJ33: {=_xludf.XLOOKUP(AC24,DB!$A:$A,DB!$BR:$BR)} -> #NAME? | AK33: {=IF(_xludf.IFNA(AJ33=0,TRUE),_xludf.XLOOKUP(AC24-7,DB!$A:$A,DB!$BM:$BM),計算用!$C$4)} -> #NAME?
B34: アルティノ入り口 | C34: {=_xludf.XLOOKUP(B34,計算用!$R$2:$R$36,計算用!$S$2:$S$36)<>19} -> #NAME? | D34: {=_xludf.XLOOKUP(B34,計算用!$R:$R,計算用!$W:$W)} -> #NAME? | E34: {=_xludf.XLOOKUP(B34,計算用!$R:$R,計算用!$Y:$Y)} -> #NAME? | F34: {=_xludf.XLOOKUP(B34,計算用!$R:$R,計算用!$X:$X)} -> #NAME? | G34: {=_xludf.XLOOKUP(B24,DB!$A:$A,DB!$BX:$BX)} -> #NAME? | H34: {=_xludf.XLOOKUP(B24,DB!$A:$A,DB!$BY:$BY)} -> #NAME? | I34: {=_xludf.XLOOKUP(B24,DB!$A:$A,DB!$BZ:$BZ)} -> #NAME? | J34: {=IF(_xludf.IFNA(I34=0,TRUE),_xludf.XLOOKUP(B24-7,DB!$A:$A,DB!$BU:$BU),計算用!$C$4)} -> #NAME? | K34: カズラ農場 | L34: {=_xludf.XLOOKUP(K34,計算用!$R$2:$R$36,計算用!$S$2:$S$36)<>19} -> #NAME? | M34: {=_xludf.XLOOKUP(K34,計算用!$R:$R,計算用!$W:$W)} -> #NAME? | N34: {=_xludf.XLOOKUP(K34,計算用!$R:$R,計算用!$Y:$Y)} -> #NAME? | O34: {=_xludf.XLOOKUP(K34,計算用!$R:$R,計算用!$X:$X)} -> #NAME? | P34: {=_xludf.XLOOKUP(K24,DB!$A:$A,DB!$BX:$BX)} -> #NAME? | Q34: {=_xludf.XLOOKUP(K24,DB!$A:$A,DB!$BY:$BY)} -> #NAME? | R34: {=_xludf.XLOOKUP(K24,DB!$A:$A,DB!$BZ:$BZ)} -> #NAME? | S34: {=IF(_xludf.IFNA(R34=0,TRUE),_xludf.XLOOKUP(K24-7,DB!$A:$A,DB!$BU:$BU),計算用!$C$4)} -> #NAME? | T34: クリオ村 | U34: {=_xludf.XLOOKUP(T34,計算用!$R$2:$R$36,計算用!$S$2:$S$36)<>19} -> #NAME? | V34: {=_xludf.XLOOKUP(T34,計算用!$R:$R,計算用!$W:$W)} -> #NAME? | W34: {=_xludf.XLOOKUP(T34,計算用!$R:$R,計算用!$Y:$Y)} -> #NAME? | X34: {=_xludf.XLOOKUP(T34,計算用!$R:$R,計算用!$X:$X)} -> #NAME? | Y34: {=_xludf.XLOOKUP(T24,DB!$A:$A,DB!$BX:$BX)} -> #NAME? | Z34: {=_xludf.XLOOKUP(T24,DB!$A:$A,DB!$BY:$BY)} -> #NAME? | AA34: {=_xludf.XLOOKUP(T24,DB!$A:$A,DB!$BZ:$BZ)} -> #NAME? | AB34: {=IF(_xludf.IFNA(AA34=0,TRUE),_xludf.XLOOKUP(T24-7,DB!$A:$A,DB!$BU:$BU),計算用!$C$4)} -> #NAME? | AC34: 廃鉄鉱山採掘場 | AD34: {=_xludf.XLOOKUP(AC34,計算用!$R$2:$R$36,計算用!$S$2:$S$36)<>19} -> #NAME? | AE34: {=_xludf.XLOOKUP(AC34,計算用!$R:$R,計算用!$W:$W)} -> #NAME? | AF34: {=_xludf.XLOOKUP(AC34,計算用!$R:$R,計算用!$Y:$Y)} -> #NAME? | AG34: {=_xludf.XLOOKUP(AC34,計算用!$R:$R,計算用!$X:$X)} -> #NAME? | AH34: {=_xludf.XLOOKUP(AC24,DB!$A:$A,DB!$BX:$BX)} -> #NAME? | AI34: {=_xludf.XLOOKUP(AC24,DB!$A:$A,DB!$BY:$BY)} -> #NAME? | AJ34: {=_xludf.XLOOKUP(AC24,DB!$A:$A,DB!$BZ:$BZ)} -> #NAME? | AK34: {=IF(_xludf.IFNA(AJ34=0,TRUE),_xludf.XLOOKUP(AC24-7,DB!$A:$A,DB!$BU:$BU),計算用!$C$4)} -> #NAME?
B35: =B24+7 -> 45907 | C35: 22時 | D35: 城塞 | E35: 枠 | F35: 人数 | G35: 統一 | H35: 宴会 | I35: 税 | J35: 保有 | K35: =B35+1 -> 45908 | L35: 22時 | M35: 種別 | N35: 枠 | O35: 人数 | P35: 統一 | Q35: 宴会 | R35: 税 | S35: 保有 | T35: =K35+3 -> 45911 | U35: 22時 | V35: 種別 | W35: 枠 | X35: 人数 | Y35: 統一 | Z35: 宴会 | AA35: 税 | AB35: 保有 | AC35: =T35+1 -> 45912 | AD35: 22時 | AE35: 種別 | AF35: 枠 | AG35: 人数 | AH35: 統一 | AI35: 宴会 | AJ35: 税 | AK35: 保有
B36: デルニール農場 | C36: {=_xludf.XLOOKUP(B36,計算用!$R$2:$R$36,計算用!$S$2:$S$36)<>19} -> #NAME? | D36: {=_xludf.XLOOKUP(B36,計算用!$R:$R,計算用!$W:$W)} -> #NAME? | E36: {=_xludf.XLOOKUP(B36,計算用!$R:$R,計算用!$Y:$Y)} -> #NAME? | F36: {=_xludf.XLOOKUP(B36,計算用!$R:$R,計算用!$X:$X)} -> #NAME? | G36: - | H36: {=_xludf.XLOOKUP(B35,DB!$A:$A,DB!$F:$F)} -> #NAME? | I36: {=_xludf.XLOOKUP(B35,DB!$A:$A,DB!$G:$G)} -> #NAME? | J36: {=IF(_xludf.IFNA(I36=0,TRUE),_xludf.XLOOKUP(B35-7,DB!$A:$A,DB!$C:$C),計算用!$C$4)} -> #NAME? | K36: ルツム族駐屯地 | L36: {=_xludf.XLOOKUP(K36,計算用!$R$2:$R$36,計算用!$S$2:$S$36)<>19} -> #NAME? | M36: {=_xludf.XLOOKUP(K36,計算用!$R:$R,計算用!$W:$W)} -> #NAME? | N36: {=_xludf.XLOOKUP(K36,計算用!$R:$R,計算用!$Y:$Y)} -> #NAME? | O36: {=_xludf.XLOOKUP(K36,計算用!$R:$R,計算用!$X:$X)} -> #NAME? | P36: - | Q36: {=_xludf.XLOOKUP(K35,DB!$A:$A,DB!$F:$F)} -> #NAME? | R36: {=_xludf.XLOOKUP(K35,DB!$A:$A,DB!$G:$G)} -> #NAME? | S36: {=IF(_xludf.IFNA(R36=0,TRUE),_xludf.XLOOKUP(K35-7,DB!$A:$A,DB!$C:$C),計算用!$C$4)} -> #NAME? | T36: 北部大農場 | U36: {=_xludf.XLOOKUP(T36,計算用!$R$2:$R$36,計算用!$S$2:$S$36)<>19} -> #NAME? | V36: {=_xludf.XLOOKUP(T36,計算用!$R:$R,計算用!$W:$W)} -> #NAME? | W36: {=_xludf.XLOOKUP(T36,計算用!$R:$R,計算用!$Y:$Y)} -> #NAME? | X36: {=_xludf.XLOOKUP(T36,計算用!$R:$R,計算用!$X:$X)} -> #NAME? | Y36: - | Z36: {=_xludf.XLOOKUP(T35,DB!$A:$A,DB!$F:$F)} -> #NAME? | AA36: {=_xludf.XLOOKUP(T35,DB!$A:$A,DB!$G:$G)} -> #NAME? | AB36: {=IF(_xludf.IFNA(AA36=0,TRUE),_xludf.XLOOKUP(T35-7,DB!$A:$A,DB!$C:$C),計算用!$C$4)} -> #NAME? | AC36: アグリス祭壇 | AD36: {=_xludf.XLOOKUP(AC36,計算用!$R$2:$R$36,計算用!$S$2:$S$36)<>19} -> #NAME? | AE36: {=_xludf.XLOOKUP(AC36,計算用!$R:$R,計算用!$W:$W)} -> #NAME? | AF36: {=_xludf.XLOOKUP(AC36,計算用!$R:$R,計算用!$Y:$Y)} -> #NAME? | AG36: {=_xludf.XLOOKUP(AC36,計算用!$R:$R,計算用!$X:$X)} -> #NAME? | AH36: - | AI36: {=_xludf.XLOOKUP(AC35,DB!$A:$A,DB!$F:$F)} -> #NAME? | AJ36: {=_xludf.XLOOKUP(AC35,DB!$A:$A,DB!$G:$G)} -> #NAME? | AK36: {=IF(_xludf.IFNA(AJ36=0,TRUE),_xludf.XLOOKUP(AC35-7,DB!$A:$A,DB!$C:$C),計算用!$C$4)} -> #NAME?
J37: {=IF(_xludf.IFNA(I37=0,TRUE),_xludf.XLOOKUP(B35-7,DB!$A:$A,DB!$J:$J),計算用!$C$4)} -> #NAME? | K37: アト農場 | L37: {=_xludf.XLOOKUP(K37,計算用!$R$2:$R$36,計算用!$S$2:$S$36)<>19} -> #NAME? | M37: {=_xludf.XLOOKUP(K37,計算用!$R:$R,計算用!$W:$W)} -> #NAME? | N37: {=_xludf.XLOOKUP(K37,計算用!$R:$R,計算用!$Y:$Y)} -> #NAME? | O37: {=_xludf.XLOOKUP(K37,計算用!$R:$R,計算用!$X:$X)} -> #NAME? | P37: - | Q37: {=_xludf.XLOOKUP(K35,DB!$A:$A,DB!$M:$M)} -> #NAME? | R37: {=_xludf.XLOOKUP(K35,DB!$A:$A,DB!$N:$N)} -> #NAME? | S37: {=IF(_xludf.IFNA(R37=0,TRUE),_xludf.XLOOKUP(K35-7,DB!$A:$A,DB!$J:$J),計算用!$C$4)} -> #NAME?
B38: 略奪の森 | C38: {=_xludf.XLOOKUP(B38,計算用!$R$2:$R$36,計算用!$S$2:$S$36)<>19} -> #NAME? | D38: {=_xludf.XLOOKUP(B38,計算用!$R:$R,計算用!$W:$W)} -> #NAME? | E38: {=_xludf.XLOOKUP(B38,計算用!$R:$R,計算用!$Y:$Y)} -> #NAME? | F38: {=_xludf.XLOOKUP(B38,計算用!$R:$R,計算用!$X:$X)} -> #NAME? | G38: {=_xludf.XLOOKUP(B35,DB!$A:$A,DB!$T:$T)} -> #NAME? | H38: {=_xludf.XLOOKUP(B35,DB!$A:$A,DB!$U:$U)} -> #NAME? | I38: {=_xludf.XLOOKUP(B35,DB!$A:$A,DB!$V:$V)} -> #NAME? | J38: {=IF(_xludf.IFNA(I38=0,TRUE),_xludf.XLOOKUP(B35-7,DB!$A:$A,DB!$Q:$Q),計算用!$C$4)} -> #NAME? | K38: ベリア農場地帯 | L38: {=_xludf.XLOOKUP(K38,計算用!$R$2:$R$36,計算用!$S$2:$S$36)<>19} -> #NAME? | M38: {=_xludf.XLOOKUP(K38,計算用!$R:$R,計算用!$W:$W)} -> #NAME? | N38: {=_xludf.XLOOKUP(K38,計算用!$R:$R,計算用!$Y:$Y)} -> #NAME? | O38: {=_xludf.XLOOKUP(K38,計算用!$R:$R,計算用!$X:$X)} -> #NAME? | P38: {=_xludf.XLOOKUP(K35,DB!$A:$A,DB!$T:$T)} -> #NAME? | Q38: {=_xludf.XLOOKUP(K35,DB!$A:$A,DB!$U:$U)} -> #NAME? | R38: {=_xludf.XLOOKUP(K35,DB!$A:$A,DB!$V:$V)} -> #NAME? | S38: {=IF(_xludf.IFNA(R38=0,TRUE),_xludf.XLOOKUP(K35-7,DB!$A:$A,DB!$Q:$Q),計算用!$C$4)} -> #NAME? | T38: トロル防御基地 | U38: {=_xludf.XLOOKUP(T38,計算用!$R$2:$R$36,計算用!$S$2:$S$36)<>19} -> #NAME? | V38: {=_xludf.XLOOKUP(T38,計算用!$R:$R,計算用!$W:$W)} -> #NAME? | W38: {=_xludf.XLOOKUP(T38,計算用!$R:$R,計算用!$Y:$Y)} -> #NAME? | X38: {=_xludf.XLOOKUP(T38,計算用!$R:$R,計算用!$X:$X)} -> #NAME? | Y38: {=_xludf.XLOOKUP(T35,DB!$A:$A,DB!$T:$T)} -> #NAME? | Z38: {=_xludf.XLOOKUP(T35,DB!$A:$A,DB!$U:$U)} -> #NAME? | AA38: {=_xludf.XLOOKUP(T35,DB!$A:$A,DB!$V:$V)} -> #NAME? | AB38: {=IF(_xludf.IFNA(AA38=0,TRUE),_xludf.XLOOKUP(T35-7,DB!$A:$A,DB!$Q:$Q),計算用!$C$4)} -> #NAME? | AC38: ナーガ抽出場 | AD38: {=_xludf.XLOOKUP(AC38,計算用!$R$2:$R$36,計算用!$S$2:$S$36)<>19} -> #NAME? | AE38: {=_xludf.XLOOKUP(AC38,計算用!$R:$R,計算用!$W:$W)} -> #NAME? | AF38: {=_xludf.XLOOKUP(AC38,計算用!$R:$R,計算用!$Y:$Y)} -> #NAME? | AG38: {=_xludf.XLOOKUP(AC38,計算用!$R:$R,計算用!$X:$X)} -> #NAME? | AH38: {=_xludf.XLOOKUP(AC35,DB!$A:$A,DB!$T:$T)} -> #NAME? | AI38: {=_xludf.XLOOKUP(AC35,DB!$A:$A,DB!$U:$U)} -> #NAME? | AJ38: {=_xludf.XLOOKUP(AC35,DB!$A:$A,DB!$V:$V)} -> #NAME? | AK38: {=IF(_xludf.IFNA(AJ38=0,TRUE),_xludf.XLOOKUP(AC35-7,DB!$A:$A,DB!$Q:$Q),計算用!$C$4)} -> #NAME?
B39: 忘却の地 | C39: {=_xludf.XLOOKUP(B39,計算用!$R$2:$R$36,計算用!$S$2:$S$36)<>19} -> #NAME? | D39: {=_xludf.XLOOKUP(B39,計算用!$R:$R,計算用!$W:$W)} -> #NAME? | E39: {=_xludf.XLOOKUP(B39,計算用!$R:$R,計算用!$Y:$Y)} -> #NAME? | F39: {=_xludf.XLOOKUP(B39,計算用!$R:$R,計算用!$X:$X)} -> #NAME? | G39: {=_xludf.XLOOKUP(B35,DB!$A:$A,DB!$AB:$AB)} -> #NAME? | H39: {=_xludf.XLOOKUP(B35,DB!$A:$A,DB!$AC:$AC)} -> #NAME? | I39: {=_xludf.XLOOKUP(B35,DB!$A:$A,DB!$AD:$AD)} -> #NAME? | J39: {=IF(_xludf.IFNA(I39=0,TRUE),_xludf.XLOOKUP(B35-7,DB!$A:$A,DB!$Y:$Y),計算用!$C$4)} -> #NAME? | K39: ギュントの丘 | L39: {=_xludf.XLOOKUP(K39,計算用!$R$2:$R$36,計算用!$S$2:$S$36)<>19} -> #NAME? | M39: {=_xludf.XLOOKUP(K39,計算用!$R:$R,計算用!$W:$W)} -> #NAME? | N39: {=_xludf.XLOOKUP(K39,計算用!$R:$R,計算用!$Y:$Y)} -> #NAME? | O39: {=_xludf.XLOOKUP(K39,計算用!$R:$R,計算用!$X:$X)} -> #NAME? | P39: {=_xludf.XLOOKUP(K35,DB!$A:$A,DB!$AB:$AB)} -> #NAME? | Q39: {=_xludf.XLOOKUP(K35,DB!$A:$A,DB!$AC:$AC)} -> #NAME? | R39: {=_xludf.XLOOKUP(K35,DB!$A:$A,DB!$AD:$AD)} -> #NAME? | S39: {=IF(_xludf.IFNA(R39=0,TRUE),_xludf.XLOOKUP(K35-7,DB!$A:$A,DB!$Y:$Y),計算用!$C$4)} -> #NAME? | T39: 隠された修道院 | U39: {=_xludf.XLOOKUP(T39,計算用!$R$2:$R$36,計算用!$S$2:$S$36)<>19} -> #NAME? | V39: {=_xludf.XLOOKUP(T39,計算用!$R:$R,計算用!$W:$W)} -> #NAME? | W39: {=_xludf.XLOOKUP(T39,計算用!$R:$R,計算用!$Y:$Y)} -> #NAME? | X39: {=_xludf.XLOOKUP(T39,計算用!$R:$R,計算用!$X:$X)} -> #NAME? | Y39: {=_xludf.XLOOKUP(T35,DB!$A:$A,DB!$AB:$AB)} -> #NAME? | Z39: {=_xludf.XLOOKUP(T35,DB!$A:$A,DB!$AC:$AC)} -> #NAME? | AA39: {=_xludf.XLOOKUP(T35,DB!$A:$A,DB!$AD:$AD)} -> #NAME? | AB39: {=IF(_xludf.IFNA(AA39=0,TRUE),_xludf.XLOOKUP(T35-7,DB!$A:$A,DB!$Y:$Y),計算用!$C$4)} -> #NAME? | AC39: オークキャンプ | AD39: {=_xludf.XLOOKUP(AC39,計算用!$R$2:$R$36,計算用!$S$2:$S$36)<>19} -> #NAME? | AE39: {=_xludf.XLOOKUP(AC39,計算用!$R:$R,計算用!$W:$W)} -> #NAME? | AF39: {=_xludf.XLOOKUP(AC39,計算用!$R:$R,計算用!$Y:$Y)} -> #NAME? | AG39: {=_xludf.XLOOKUP(AC39,計算用!$R:$R,計算用!$X:$X)} -> #NAME? | AH39: {=_xludf.XLOOKUP(AC35,DB!$A:$A,DB!$AB:$AB)} -> #NAME? | AI39: {=_xludf.XLOOKUP(AC35,DB!$A:$A,DB!$AC:$AC)} -> #NAME? | AJ39: {=_xludf.XLOOKUP(AC35,DB!$A:$A,DB!$AD:$AD)} -> #NAME? | AK39: {=IF(_xludf.IFNA(AJ39=0,TRUE),_xludf.XLOOKUP(AC35-7,DB!$A:$A,DB!$Y:$Y),計算用!$C$4)} -> #NAME?
J40: {=IF(_xludf.IFNA(I40=0,TRUE),_xludf.XLOOKUP(B35-7,DB!$A:$A,DB!$AG:$AG),計算用!$C$4)} -> #NAME? | K40: 高原地帯 | L40: {=_xludf.XLOOKUP(K40,計算用!$R$2:$R$36,計算用!$S$2:$S$36)<>19} -> #NAME? | M40: {=_xludf.XLOOKUP(K40,計算用!$R:$R,計算用!$W:$W)} -> #NAME? | N40: {=_xludf.XLOOKUP(K40,計算用!$R:$R,計算用!$Y:$Y)} -> #NAME? | O40: {=_xludf.XLOOKUP(K40,計算用!$R:$R,計算用!$X:$X)} -> #NAME? | P40: {=_xludf.XLOOKUP(K35,DB!$A:$A,DB!$AJ:$AJ)} -> #NAME? | Q40: {=_xludf.XLOOKUP(K35,DB!$A:$A,DB!$AK:$AK)} -> #NAME? | R40: {=_xludf.XLOOKUP(K35,DB!$A:$A,DB!$AL:$AL)} -> #NAME? | S40: {=IF(_xludf.IFNA(R40=0,TRUE),_xludf.XLOOKUP(K35-7,DB!$A:$A,DB!$AG:$AG),計算用!$C$4)} -> #NAME? | T40: マルニの第2実験場 | U40: {=_xludf.XLOOKUP(T40,計算用!$R$2:$R$36,計算用!$S$2:$S$36)<>19} -> #NAME? | V40: {=_xludf.XLOOKUP(T40,計算用!$R:$R,計算用!$W:$W)} -> #NAME? | W40: {=_xludf.XLOOKUP(T40,計算用!$R:$R,計算用!$Y:$Y)} -> #NAME? | X40: {=_xludf.XLOOKUP(T40,計算用!$R:$R,計算用!$X:$X)} -> #NAME? | Y40: {=_xludf.XLOOKUP(T35,DB!$A:$A,DB!$AJ:$AJ)} -> #NAME? | Z40: {=_xludf.XLOOKUP(T35,DB!$A:$A,DB!$AK:$AK)} -> #NAME? | AA40: {=_xludf.XLOOKUP(T35,DB!$A:$A,DB!$AL:$AL)} -> #NAME? | AB40: {=IF(_xludf.IFNA(AA40=0,TRUE),_xludf.XLOOKUP(T35-7,DB!$A:$A,DB!$AG:$AG),計算用!$C$4)} -> #NAME?
B41: ナーガ沼地 | C41: {=_xludf.XLOOKUP(B41,計算用!$R$2:$R$36,計算用!$S$2:$S$36)<>19} -> #NAME? | D41: {=_xludf.XLOOKUP(B41,計算用!$R:$R,計算用!$W:$W)} -> #NAME? | E41: {=_xludf.XLOOKUP(B41,計算用!$R:$R,計算用!$Y:$Y)} -> #NAME? | F41: {=_xludf.XLOOKUP(B41,計算用!$R:$R,計算用!$X:$X)} -> #NAME? | G41: {=_xludf.XLOOKUP(B35,DB!$A:$A,DB!$AR:$AR)} -> #NAME? | H41: {=_xludf.XLOOKUP(B35,DB!$A:$A,DB!$AS:$AS)} -> #NAME? | I41: {=_xludf.XLOOKUP(B35,DB!$A:$A,DB!$AT:$AT)} -> #NAME? | J41: {=IF(_xludf.IFNA(I41=0,TRUE),_xludf.XLOOKUP(B35-7,DB!$A:$A,DB!$AO:$AO),計算用!$C$4)} -> #NAME? | K41: 隠遁の森 | L41: {=_xludf.XLOOKUP(K41,計算用!$R$2:$R$36,計算用!$S$2:$S$36)<>19} -> #NAME? | M41: {=_xludf.XLOOKUP(K41,計算用!$R:$R,計算用!$W:$W)} -> #NAME? | N41: {=_xludf.XLOOKUP(K41,計算用!$R:$R,計算用!$Y:$Y)} -> #NAME? | O41: {=_xludf.XLOOKUP(K41,計算用!$R:$R,計算用!$X:$X)} -> #NAME? | P41: {=_xludf.XLOOKUP(K35,DB!$A:$A,DB!$AR:$AR)} -> #NAME? | Q41: {=_xludf.XLOOKUP(K35,DB!$A:$A,DB!$AS:$AS)} -> #NAME? | R41: {=_xludf.XLOOKUP(K35,DB!$A:$A,DB!$AT:$AT)} -> #NAME? | S41: {=IF(_xludf.IFNA(R41=0,TRUE),_xludf.XLOOKUP(K35-7,DB!$A:$A,DB!$AO:$AO),計算用!$C$4)} -> #NAME? | T41: アグリス平原 | U41: {=_xludf.XLOOKUP(T41,計算用!$R$2:$R$36,計算用!$S$2:$S$36)<>19} -> #NAME? | V41: {=_xludf.XLOOKUP(T41,計算用!$R:$R,計算用!$W:$W)} -> #NAME? | W41: {=_xludf.XLOOKUP(T41,計算用!$R:$R,計算用!$Y:$Y)} -> #NAME? | X41: {=_xludf.XLOOKUP(T41,計算用!$R:$R,計算用!$X:$X)} -> #NAME? | Y41: {=_xludf.XLOOKUP(T35,DB!$A:$A,DB!$AR:$AR)} -> #NAME? | Z41: {=_xludf.XLOOKUP(T35,DB!$A:$A,DB!$AS:$AS)} -> #NAME? | AA41: {=_xludf.XLOOKUP(T35,DB!$A:$A,DB!$AT:$AT)} -> #NAME? | AB41: {=IF(_xludf.IFNA(AA41=0,TRUE),_xludf.XLOOKUP(T35-7,DB!$A:$A,DB!$AO:$AO),計算用!$C$4)} -> #NAME? | AC41: 北部採石場 | AD41: {=_xludf.XLOOKUP(AC41,計算用!$R$2:$R$36,計算用!$S$2:$S$36)<>19} -> #NAME? | AE41: {=_xludf.XLOOKUP(AC41,計算用!$R:$R,計算用!$W:$W)} -> #NAME? | AF41: {=_xludf.XLOOKUP(AC41,計算用!$R:$R,計算用!$Y:$Y)} -> #NAME? | AG41: {=_xludf.XLOOKUP(AC41,計算用!$R:$R,計算用!$X:$X)} -> #NAME? | AH41: {=_xludf.XLOOKUP(AC35,DB!$A:$A,DB!$AR:$AR)} -> #NAME? | AI41: {=_xludf.XLOOKUP(AC35,DB!$A:$A,DB!$AS:$AS)} -> #NAME? | AJ41: {=_xludf.XLOOKUP(AC35,DB!$A:$A,DB!$AT:$AT)} -> #NAME? | AK41: {=IF(_xludf.IFNA(AJ41=0,TRUE),_xludf.XLOOKUP(AC35-7,DB!$A:$A,DB!$AO:$AO),計算用!$C$4)} -> #NAME?
B42: 旧ダンデリオン | C42: {=_xludf.XLOOKUP(B42,計算用!$R$2:$R$36,計算用!$S$2:$S$36)<>19} -> #NAME? | D42: {=_xludf.XLOOKUP(B42,計算用!$R:$R,計算用!$W:$W)} -> #NAME? | E42: {=_xludf.XLOOKUP(B42,計算用!$R:$R,計算用!$Y:$Y)} -> #NAME? | F42: {=_xludf.XLOOKUP(B42,計算用!$R:$R,計算用!$X:$X)} -> #NAME? | G42: {=_xludf.XLOOKUP(B35,DB!$A:$A,DB!$AZ:$AZ)} -> #NAME? | H42: {=_xludf.XLOOKUP(B35,DB!$A:$A,DB!$BA:$BA)} -> #NAME? | I42: {=_xludf.XLOOKUP(B35,DB!$A:$A,DB!$BB:$BB)} -> #NAME? | J42: {=IF(_xludf.IFNA(I42=0,TRUE),_xludf.XLOOKUP(B35-7,DB!$A:$A,DB!$AW:$AW),計算用!$C$4)} -> #NAME? | K42: エワズの丘 | L42: {=_xludf.XLOOKUP(K42,計算用!$R$2:$R$36,計算用!$S$2:$S$36)<>19} -> #NAME? | M42: {=_xludf.XLOOKUP(K42,計算用!$R:$R,計算用!$W:$W)} -> #NAME? | N42: {=_xludf.XLOOKUP(K42,計算用!$R:$R,計算用!$Y:$Y)} -> #NAME? | O42: {=_xludf.XLOOKUP(K42,計算用!$R:$R,計算用!$X:$X)} -> #NAME? | P42: {=_xludf.XLOOKUP(K35,DB!$A:$A,DB!$AZ:$AZ)} -> #NAME? | Q42: {=_xludf.XLOOKUP(K35,DB!$A:$A,DB!$BA:$BA)} -> #NAME? | R42: {=_xludf.XLOOKUP(K35,DB!$A:$A,DB!$BB:$BB)} -> #NAME? | S42: {=IF(_xludf.IFNA(R42=0,TRUE),_xludf.XLOOKUP(K35-7,DB!$A:$A,DB!$AW:$AW),計算用!$C$4)} -> #NAME? | T42: リンチ農場廃墟 | U42: {=_xludf.XLOOKUP(T42,計算用!$R$2:$R$36,計算用!$S$2:$S$36)<>19} -> #NAME? | V42: {=_xludf.XLOOKUP(T42,計算用!$R:$R,計算用!$W:$W)} -> #NAME? | W42: {=_xludf.XLOOKUP(T42,計算用!$R:$R,計算用!$Y:$Y)} -> #NAME? | X42: {=_xludf.XLOOKUP(T42,計算用!$R:$R,計算用!$X:$X)} -> #NAME? | Y42: {=_xludf.XLOOKUP(T35,DB!$A:$A,DB!$AZ:$AZ)} -> #NAME? | Z42: {=_xludf.XLOOKUP(T35,DB!$A:$A,DB!$BA:$BA)} -> #NAME? | AA42: {=_xludf.XLOOKUP(T35,DB!$A:$A,DB!$BB:$BB)} -> #NAME? | AB42: {=IF(_xludf.IFNA(AA42=0,TRUE),_xludf.XLOOKUP(T35-7,DB!$A:$A,DB!$AW:$AW),計算用!$C$4)} -> #NAME? | AC42: ハーピーの絶壁 | AD42: {=_xludf.XLOOKUP(AC42,計算用!$R$2:$R$36,計算用!$S$2:$S$36)<>19} -> #NAME? | AE42: {=_xludf.XLOOKUP(AC42,計算用!$R:$R,計算用!$W:$W)} -> #NAME? | AF42: {=_xludf.XLOOKUP(AC42,計算用!$R:$R,計算用!$Y:$Y)} -> #NAME? | AG42: {=_xludf.XLOOKUP(AC42,計算用!$R:$R,計算用!$X:$X)} -> #NAME? | AH42: {=_xludf.XLOOKUP(AC35,DB!$A:$A,DB!$AZ:$AZ)} -> #NAME? | AI42: {=_xludf.XLOOKUP(AC35,DB!$A:$A,DB!$BA:$BA)} -> #NAME? | AJ42: {=_xludf.XLOOKUP(AC35,DB!$A:$A,DB!$BB:$BB)} -> #NAME? | AK42: {=IF(_xludf.IFNA(AJ42=0,TRUE),_xludf.XLOOKUP(AC35-7,DB!$A:$A,DB!$AW:$AW),計算用!$C$4)} -> #NAME?
B43: 捨てられた地 | C43: {=_xludf.XLOOKUP(B43,計算用!$R$2:$R$36,計算用!$S$2:$S$36)<>19} -> #NAME? | D43: {=_xludf.XLOOKUP(B43,計算用!$R:$R,計算用!$W:$W)} -> #NAME? | E43: {=_xludf.XLOOKUP(B43,計算用!$R:$R,計算用!$Y:$Y)} -> #NAME? | F43: {=_xludf.XLOOKUP(B43,計算用!$R:$R,計算用!$X:$X)} -> #NAME? | G43: {=_xludf.XLOOKUP(B35,DB!$A:$A,DB!$BH:$BH)} -> #NAME? | H43: {=_xludf.XLOOKUP(B35,DB!$A:$A,DB!$BI:$BI)} -> #NAME? | I43: {=_xludf.XLOOKUP(B35,DB!$A:$A,DB!$BJ:$BJ)} -> #NAME? | J43: {=IF(_xludf.IFNA(I43=0,TRUE),_xludf.XLOOKUP(B35-7,DB!$A:$A,DB!$BE:$BE),計算用!$C$4)} -> #NAME? | K43: 廃城跡入り口 | L43: {=_xludf.XLOOKUP(K43,計算用!$R$2:$R$36,計算用!$S$2:$S$36)<>19} -> #NAME? | M43: {=_xludf.XLOOKUP(K43,計算用!$R:$R,計算用!$W:$W)} -> #NAME? | N43: {=_xludf.XLOOKUP(K43,計算用!$R:$R,計算用!$Y:$Y)} -> #NAME? | O43: {=_xludf.XLOOKUP(K43,計算用!$R:$R,計算用!$X:$X)} -> #NAME? | P43: {=_xludf.XLOOKUP(K35,DB!$A:$A,DB!$BH:$BH)} -> #NAME? | Q43: {=_xludf.XLOOKUP(K35,DB!$A:$A,DB!$BI:$BI)} -> #NAME? | R43: {=_xludf.XLOOKUP(K35,DB!$A:$A,DB!$BJ:$BJ)} -> #NAME? | S43: {=IF(_xludf.IFNA(R43=0,TRUE),_xludf.XLOOKUP(K35-7,DB!$A:$A,DB!$BE:$BE),計算用!$C$4)} -> #NAME? | T43: ブレディー砦 | U43: {=_xludf.XLOOKUP(T43,計算用!$R$2:$R$36,計算用!$S$2:$S$36)<>19} -> #NAME? | V43: {=_xludf.XLOOKUP(T43,計算用!$R:$R,計算用!$W:$W)} -> #NAME? | W43: {=_xludf.XLOOKUP(T43,計算用!$R:$R,計算用!$Y:$Y)} -> #NAME? | X43: {=_xludf.XLOOKUP(T43,計算用!$R:$R,計算用!$X:$X)} -> #NAME? | Y43: {=_xludf.XLOOKUP(T35,DB!$A:$A,DB!$BH:$BH)} -> #NAME? | Z43: {=_xludf.XLOOKUP(T35,DB!$A:$A,DB!$BI:$BI)} -> #NAME? | AA43: {=_xludf.XLOOKUP(T35,DB!$A:$A,DB!$BJ:$BJ)} -> #NAME? | AB43: {=IF(_xludf.IFNA(AA43=0,TRUE),_xludf.XLOOKUP(T35-7,DB!$A:$A,DB!$BE:$BE),計算用!$C$4)} -> #NAME? | AC43: ブリの森 | AD43: {=_xludf.XLOOKUP(AC43,計算用!$R$2:$R$36,計算用!$S$2:$S$36)<>19} -> #NAME? | AE43: {=_xludf.XLOOKUP(AC43,計算用!$R:$R,計算用!$W:$W)} -> #NAME? | AF43: {=_xludf.XLOOKUP(AC43,計算用!$R:$R,計算用!$Y:$Y)} -> #NAME? | AG43: {=_xludf.XLOOKUP(AC43,計算用!$R:$R,計算用!$X:$X)} -> #NAME? | AH43: {=_xludf.XLOOKUP(AC35,DB!$A:$A,DB!$BH:$BH)} -> #NAME? | AI43: {=_xludf.XLOOKUP(AC35,DB!$A:$A,DB!$BI:$BI)} -> #NAME? | AJ43: {=_xludf.XLOOKUP(AC35,DB!$A:$A,DB!$BJ:$BJ)} -> #NAME? | AK43: {=IF(_xludf.IFNA(AJ43=0,TRUE),_xludf.XLOOKUP(AC35-7,DB!$A:$A,DB!$BE:$BE),計算用!$C$4)} -> #NAME?
B44: ベア川下流 | C44: {=_xludf.XLOOKUP(B44,計算用!$R$2:$R$36,計算用!$S$2:$S$36)<>19} -> #NAME? | D44: {=_xludf.XLOOKUP(B44,計算用!$R:$R,計算用!$W:$W)} -> #NAME? | E44: {=_xludf.XLOOKUP(B44,計算用!$R:$R,計算用!$Y:$Y)} -> #NAME? | F44: {=_xludf.XLOOKUP(B44,計算用!$R:$R,計算用!$X:$X)} -> #NAME? | G44: {=_xludf.XLOOKUP(B35,DB!$A:$A,DB!$BP:$BP)} -> #NAME? | H44: {=_xludf.XLOOKUP(B35,DB!$A:$A,DB!$BQ:$BQ)} -> #NAME? | I44: {=_xludf.XLOOKUP(B35,DB!$A:$A,DB!$BR:$BR)} -> #NAME? | J44: {=IF(_xludf.IFNA(I44=0,TRUE),_xludf.XLOOKUP(B35-7,DB!$A:$A,DB!$BM:$BM),計算用!$C$4)} -> #NAME? | K44: カイア渡し場 | L44: {=_xludf.XLOOKUP(K44,計算用!$R$2:$R$36,計算用!$S$2:$S$36)<>19} -> #NAME? | M44: {=_xludf.XLOOKUP(K44,計算用!$R:$R,計算用!$W:$W)} -> #NAME? | N44: {=_xludf.XLOOKUP(K44,計算用!$R:$R,計算用!$Y:$Y)} -> #NAME? | O44: {=_xludf.XLOOKUP(K44,計算用!$R:$R,計算用!$X:$X)} -> #NAME? | P44: {=_xludf.XLOOKUP(K35,DB!$A:$A,DB!$BP:$BP)} -> #NAME? | Q44: {=_xludf.XLOOKUP(K35,DB!$A:$A,DB!$BQ:$BQ)} -> #NAME? | R44: {=_xludf.XLOOKUP(K35,DB!$A:$A,DB!$BR:$BR)} -> #NAME? | S44: {=IF(_xludf.IFNA(R44=0,TRUE),_xludf.XLOOKUP(K35-7,DB!$A:$A,DB!$BM:$BM),計算用!$C$4)} -> #NAME? | T44: エントの森 | U44: {=_xludf.XLOOKUP(T44,計算用!$R$2:$R$36,計算用!$S$2:$S$36)<>19} -> #NAME? | V44: {=_xludf.XLOOKUP(T44,計算用!$R:$R,計算用!$W:$W)} -> #NAME? | W44: {=_xludf.XLOOKUP(T44,計算用!$R:$R,計算用!$Y:$Y)} -> #NAME? | X44: {=_xludf.XLOOKUP(T44,計算用!$R:$R,計算用!$X:$X)} -> #NAME? | Y44: {=_xludf.XLOOKUP(T35,DB!$A:$A,DB!$BP:$BP)} -> #NAME? | Z44: {=_xludf.XLOOKUP(T35,DB!$A:$A,DB!$BQ:$BQ)} -> #NAME? | AA44: {=_xludf.XLOOKUP(T35,DB!$A:$A,DB!$BR:$BR)} -> #NAME? | AB44: {=IF(_xludf.IFNA(AA44=0,TRUE),_xludf.XLOOKUP(T35-7,DB!$A:$A,DB!$BM:$BM),計算用!$C$4)} -> #NAME? | AC44: マンシャの森の奥 | AD44: {=_xludf.XLOOKUP(AC44,計算用!$R$2:$R$36,計算用!$S$2:$S$36)<>19} -> #NAME? | AE44: {=_xludf.XLOOKUP(AC44,計算用!$R:$R,計算用!$W:$W)} -> #NAME? | AF44: {=_xludf.XLOOKUP(AC44,計算用!$R:$R,計算用!$Y:$Y)} -> #NAME? | AG44: {=_xludf.XLOOKUP(AC44,計算用!$R:$R,計算用!$X:$X)} -> #NAME? | AH44: {=_xludf.XLOOKUP(AC35,DB!$A:$A,DB!$BP:$BP)} -> #NAME? | AI44: {=_xludf.XLOOKUP(AC35,DB!$A:$A,DB!$BQ:$BQ)} -> #NAME? | AJ44: {=_xludf.XLOOKUP(AC35,DB!$A:$A,DB!$BR:$BR)} -> #NAME? | AK44: {=IF(_xludf.IFNA(AJ44=0,TRUE),_xludf.XLOOKUP(AC35-7,DB!$A:$A,DB!$BM:$BM),計算用!$C$4)} -> #NAME?
B45: アルティノ入り口 | C45: {=_xludf.XLOOKUP(B45,計算用!$R$2:$R$36,計算用!$S$2:$S$36)<>19} -> #NAME? | D45: {=_xludf.XLOOKUP(B45,計算用!$R:$R,計算用!$W:$W)} -> #NAME? | E45: {=_xludf.XLOOKUP(B45,計算用!$R:$R,計算用!$Y:$Y)} -> #NAME? | F45: {=_xludf.XLOOKUP(B45,計算用!$R:$R,計算用!$X:$X)} -> #NAME? | G45: {=_xludf.XLOOKUP(B35,DB!$A:$A,DB!$BX:$BX)} -> #NAME? | H45: {=_xludf.XLOOKUP(B35,DB!$A:$A,DB!$BY:$BY)} -> #NAME? | I45: {=_xludf.XLOOKUP(B35,DB!$A:$A,DB!$BZ:$BZ)} -> #NAME? | J45: {=IF(_xludf.IFNA(I45=0,TRUE),_xludf.XLOOKUP(B35-7,DB!$A:$A,DB!$BU:$BU),計算用!$C$4)} -> #NAME? | K45: カズラ農場 | L45: {=_xludf.XLOOKUP(K45,計算用!$R$2:$R$36,計算用!$S$2:$S$36)<>19} -> #NAME? | M45: {=_xludf.XLOOKUP(K45,計算用!$R:$R,計算用!$W:$W)} -> #NAME? | N45: {=_xludf.XLOOKUP(K45,計算用!$R:$R,計算用!$Y:$Y)} -> #NAME? | O45: {=_xludf.XLOOKUP(K45,計算用!$R:$R,計算用!$X:$X)} -> #NAME? | P45: {=_xludf.XLOOKUP(K35,DB!$A:$A,DB!$BX:$BX)} -> #NAME? | Q45: {=_xludf.XLOOKUP(K35,DB!$A:$A,DB!$BY:$BY)} -> #NAME? | R45: {=_xludf.XLOOKUP(K35,DB!$A:$A,DB!$BZ:$BZ)} -> #NAME? | S45: {=IF(_xludf.IFNA(R45=0,TRUE),_xludf.XLOOKUP(K35-7,DB!$A:$A,DB!$BU:$BU),計算用!$C$4)} -> #NAME? | T45: クリオ村 | U45: {=_xludf.XLOOKUP(T45,計算用!$R$2:$R$36,計算用!$S$2:$S$36)<>19} -> #NAME? | V45: {=_xludf.XLOOKUP(T45,計算用!$R:$R,計算用!$W:$W)} -> #NAME? | W45: {=_xludf.XLOOKUP(T45,計算用!$R:$R,計算用!$Y:$Y)} -> #NAME? | X45: {=_xludf.XLOOKUP(T45,計算用!$R:$R,計算用!$X:$X)} -> #NAME? | Y45: {=_xludf.XLOOKUP(T35,DB!$A:$A,DB!$BX:$BX)} -> #NAME? | Z45: {=_xludf.XLOOKUP(T35,DB!$A:$A,DB!$BY:$BY)} -> #NAME? | AA45: {=_xludf.XLOOKUP(T35,DB!$A:$A,DB!$BZ:$BZ)} -> #NAME? | AB45: {=IF(_xludf.IFNA(AA45=0,TRUE),_xludf.XLOOKUP(T35-7,DB!$A:$A,DB!$BU:$BU),計算用!$C$4)} -> #NAME? | AC45: 廃鉄鉱山採掘場 | AD45: {=_xludf.XLOOKUP(AC45,計算用!$R$2:$R$36,計算用!$S$2:$S$36)<>19} -> #NAME? | AE45: {=_xludf.XLOOKUP(AC45,計算用!$R:$R,計算用!$W:$W)} -> #NAME? | AF45: {=_xludf.XLOOKUP(AC45,計算用!$R:$R,計算用!$Y:$Y)} -> #NAME? | AG45: {=_xludf.XLOOKUP(AC45,計算用!$R:$R,計算用!$X:$X)} -> #NAME? | AH45: {=_xludf.XLOOKUP(AC35,DB!$A:$A,DB!$BX:$BX)} -> #NAME? | AI45: {=_xludf.XLOOKUP(AC35,DB!$A:$A,DB!$BY:$BY)} -> #NAME? | AJ45: {=_xludf.XLOOKUP(AC35,DB!$A:$A,DB!$BZ:$BZ)} -> #NAME? | AK45: {=IF(_xludf.IFNA(AJ45=0,TRUE),_xludf.XLOOKUP(AC35-7,DB!$A:$A,DB!$BU:$BU),計算用!$C$4)} -> #NAME?
B46: =B35+7 -> 45914 | C46: 22時 | D46: 城塞 | E46: 枠 | F46: 人数 | G46: 統一 | H46: 宴会 | I46: 税 | J46: 保有 | K46: =B46+1 -> 45915 | L46: 22時 | M46: 種別 | N46: 枠 | O46: 人数 | P46: 統一 | Q46: 宴会 | R46: 税 | S46: 保有 | T46: =K46+3 -> 45918 | U46: 22時 | V46: 種別 | W46: 枠 | X46: 人数 | Y46: 統一 | Z46: 宴会 | AA46: 税 | AB46: 保有 | AC46: =T46+1 -> 45919 | AD46: 22時 | AE46: 種別 | AF46: 枠 | AG46: 人数 | AH46: 統一 | AI46: 宴会 | AJ46: 税 | AK46: 保有
B47: デルニール農場 | C47: {=_xludf.XLOOKUP(B47,計算用!$R$2:$R$36,計算用!$S$2:$S$36)<>19} -> #NAME? | D47: {=_xludf.XLOOKUP(B47,計算用!$R:$R,計算用!$W:$W)} -> #NAME? | E47: {=_xludf.XLOOKUP(B47,計算用!$R:$R,計算用!$Y:$Y)} -> #NAME? | F47: {=_xludf.XLOOKUP(B47,計算用!$R:$R,計算用!$X:$X)} -> #NAME? | G47: - | H47: {=_xludf.XLOOKUP(B46,DB!$A:$A,DB!$F:$F)} -> #NAME? | I47: {=_xludf.XLOOKUP(B46,DB!$A:$A,DB!$G:$G)} -> #NAME? | J47: {=IF(_xludf.IFNA(I47=0,TRUE),_xludf.XLOOKUP(B46-7,DB!$A:$A,DB!$C:$C),計算用!$C$4)} -> #NAME? | K47: ルツム族駐屯地 | L47: {=_xludf.XLOOKUP(K47,計算用!$R$2:$R$36,計算用!$S$2:$S$36)<>19} -> #NAME? | M47: {=_xludf.XLOOKUP(K47,計算用!$R:$R,計算用!$W:$W)} -> #NAME? | N47: {=_xludf.XLOOKUP(K47,計算用!$R:$R,計算用!$Y:$Y)} -> #NAME? | O47: {=_xludf.XLOOKUP(K47,計算用!$R:$R,計算用!$X:$X)} -> #NAME? | P47: - | Q47: {=_xludf.XLOOKUP(K46,DB!$A:$A,DB!$F:$F)} -> #NAME? | R47: {=_xludf.XLOOKUP(K46,DB!$A:$A,DB!$G:$G)} -> #NAME? | S47: {=IF(_xludf.IFNA(R47=0,TRUE),_xludf.XLOOKUP(K46-7,DB!$A:$A,DB!$C:$C),計算用!$C$4)} -> #NAME? | T47: 北部大農場 | U47: {=_xludf.XLOOKUP(T47,計算用!$R$2:$R$36,計算用!$S$2:$S$36)<>19} -> #NAME? | V47: {=_xludf.XLOOKUP(T47,計算用!$R:$R,計算用!$W:$W)} -> #NAME? | W47: {=_xludf.XLOOKUP(T47,計算用!$R:$R,計算用!$Y:$Y)} -> #NAME? | X47: {=_xludf.XLOOKUP(T47,計算用!$R:$R,計算用!$X:$X)} -> #NAME? | Y47: - | Z47: {=_xludf.XLOOKUP(T46,DB!$A:$A,DB!$F:$F)} -> #NAME? | AA47: {=_xludf.XLOOKUP(T46,DB!$A:$A,DB!$G:$G)} -> #NAME? | AB47: {=IF(_xludf.IFNA(AA47=0,TRUE),_xludf.XLOOKUP(T46-7,DB!$A:$A,DB!$C:$C),計算用!$C$4)} -> #NAME? | AC47: アグリス祭壇 | AD47: {=_xludf.XLOOKUP(AC47,計算用!$R$2:$R$36,計算用!$S$2:$S$36)<>19} -> #NAME? | AE47: {=_xludf.XLOOKUP(AC47,計算用!$R:$R,計算用!$W:$W)} -> #NAME? | AF47: {=_xludf.XLOOKUP(AC47,計算用!$R:$R,計算用!$Y:$Y)} -> #NAME? | AG47: {=_xludf.XLOOKUP(AC47,計算用!$R:$R,計算用!$X:$X)} -> #NAME? | AH47: - | AI47: {=_xludf.XLOOKUP(AC46,DB!$A:$A,DB!$F:$F)} -> #NAME? | AJ47: {=_xludf.XLOOKUP(AC46,DB!$A:$A,DB!$G:$G)} -> #NAME? | AK47: {=IF(_xludf.IFNA(AJ47=0,TRUE),_xludf.XLOOKUP(AC46-7,DB!$A:$A,DB!$C:$C),計算用!$C$4)} -> #NAME?
J48: {=IF(_xludf.IFNA(I48=0,TRUE),_xludf.XLOOKUP(B46-7,DB!$A:$A,DB!$J:$J),計算用!$C$4)} -> #NAME? | K48: アト農場 | L48: {=_xludf.XLOOKUP(K48,計算用!$R$2:$R$36,計算用!$S$2:$S$36)<>19} -> #NAME? | M48: {=_xludf.XLOOKUP(K48,計算用!$R:$R,計算用!$W:$W)} -> #NAME? | N48: {=_xludf.XLOOKUP(K48,計算用!$R:$R,計算用!$Y:$Y)} -> #NAME? | O48: {=_xludf.XLOOKUP(K48,計算用!$R:$R,計算用!$X:$X)} -> #NAME? | P48: - | Q48: {=_xludf.XLOOKUP(K46,DB!$A:$A,DB!$M:$M)} -> #NAME? | R48: {=_xludf.XLOOKUP(K46,DB!$A:$A,DB!$N:$N)} -> #NAME? | S48: {=IF(_xludf.IFNA(R48=0,TRUE),_xludf.XLOOKUP(K46-7,DB!$A:$A,DB!$J:$J),計算用!$C$4)} -> #NAME?
B49: 略奪の森 | C49: {=_xludf.XLOOKUP(B49,計算用!$R$2:$R$36,計算用!$S$2:$S$36)<>19} -> #NAME? | D49: {=_xludf.XLOOKUP(B49,計算用!$R:$R,計算用!$W:$W)} -> #NAME? | E49: {=_xludf.XLOOKUP(B49,計算用!$R:$R,計算用!$Y:$Y)} -> #NAME? | F49: {=_xludf.XLOOKUP(B49,計算用!$R:$R,計算用!$X:$X)} -> #NAME? | G49: {=_xludf.XLOOKUP(B46,DB!$A:$A,DB!$T:$T)} -> #NAME? | H49: {=_xludf.XLOOKUP(B46,DB!$A:$A,DB!$U:$U)} -> #NAME? | I49: {=_xludf.XLOOKUP(B46,DB!$A:$A,DB!$V:$V)} -> #NAME? | J49: {=IF(_xludf.IFNA(I49=0,TRUE),_xludf.XLOOKUP(B46-7,DB!$A:$A,DB!$Q:$Q),計算用!$C$4)} -> #NAME? | K49: ベリア農場地帯 | L49: {=_xludf.XLOOKUP(K49,計算用!$R$2:$R$36,計算用!$S$2:$S$36)<>19} -> #NAME? | M49: {=_xludf.XLOOKUP(K49,計算用!$R:$R,計算用!$W:$W)} -> #NAME? | N49: {=_xludf.XLOOKUP(K49,計算用!$R:$R,計算用!$Y:$Y)} -> #NAME? | O49: {=_xludf.XLOOKUP(K49,計算用!$R:$R,計算用!$X:$X)} -> #NAME? | P49: {=_xludf.XLOOKUP(K46,DB!$A:$A,DB!$T:$T)} -> #NAME? | Q49: {=_xludf.XLOOKUP(K46,DB!$A:$A,DB!$U:$U)} -> #NAME? | R49: {=_xludf.XLOOKUP(K46,DB!$A:$A,DB!$V:$V)} -> #NAME? | S49: {=IF(_xludf.IFNA(R49=0,TRUE),_xludf.XLOOKUP(K46-7,DB!$A:$A,DB!$Q:$Q),計算用!$C$4)} -> #NAME? | T49: トロル防御基地 | U49: {=_xludf.XLOOKUP(T49,計算用!$R$2:$R$36,計算用!$S$2:$S$36)<>19} -> #NAME? | V49: {=_xludf.XLOOKUP(T49,計算用!$R:$R,計算用!$W:$W)} -> #NAME? | W49: {=_xludf.XLOOKUP(T49,計算用!$R:$R,計算用!$Y:$Y)} -> #NAME? | X49: {=_xludf.XLOOKUP(T49,計算用!$R:$R,計算用!$X:$X)} -> #NAME? | Y49: {=_xludf.XLOOKUP(T46,DB!$A:$A,DB!$T:$T)} -> #NAME? | Z49: {=_xludf.XLOOKUP(T46,DB!$A:$A,DB!$U:$U)} -> #NAME? | AA49: {=_xludf.XLOOKUP(T46,DB!$A:$A,DB!$V:$V)} -> #NAME? | AB49: {=IF(_xludf.IFNA(AA49=0,TRUE),_xludf.XLOOKUP(T46-7,DB!$A:$A,DB!$Q:$Q),計算用!$C$4)} -> #NAME? | AC49: ナーガ抽出場 | AD49: {=_xludf.XLOOKUP(AC49,計算用!$R$2:$R$36,計算用!$S$2:$S$36)<>19} -> #NAME? | AE49: {=_xludf.XLOOKUP(AC49,計算用!$R:$R,計算用!$W:$W)} -> #NAME? | AF49: {=_xludf.XLOOKUP(AC49,計算用!$R:$R,計算用!$Y:$Y)} -> #NAME? | AG49: {=_xludf.XLOOKUP(AC49,計算用!$R:$R,計算用!$X:$X)} -> #NAME? | AH49: {=_xludf.XLOOKUP(AC46,DB!$A:$A,DB!$T:$T)} -> #NAME? | AI49: {=_xludf.XLOOKUP(AC46,DB!$A:$A,DB!$U:$U)} -> #NAME? | AJ49: {=_xludf.XLOOKUP(AC46,DB!$A:$A,DB!$V:$V)} -> #NAME? | AK49: {=IF(_xludf.IFNA(AJ49=0,TRUE),_xludf.XLOOKUP(AC46-7,DB!$A:$A,DB!$Q:$Q),計算用!$C$4)} -> #NAME?
B50: 忘却の地 | C50: {=_xludf.XLOOKUP(B50,計算用!$R$2:$R$36,計算用!$S$2:$S$36)<>19} -> #NAME? | D50: {=_xludf.XLOOKUP(B50,計算用!$R:$R,計算用!$W:$W)} -> #NAME? | E50: {=_xludf.XLOOKUP(B50,計算用!$R:$R,計算用!$Y:$Y)} -> #NAME? | F50: {=_xludf.XLOOKUP(B50,計算用!$R:$R,計算用!$X:$X)} -> #NAME? | G50: {=_xludf.XLOOKUP(B46,DB!$A:$A,DB!$AB:$AB)} -> #NAME? | H50: {=_xludf.XLOOKUP(B46,DB!$A:$A,DB!$AC:$AC)} -> #NAME? | I50: {=_xludf.XLOOKUP(B46,DB!$A:$A,DB!$AD:$AD)} -> #NAME? | J50: {=IF(_xludf.IFNA(I50=0,TRUE),_xludf.XLOOKUP(B46-7,DB!$A:$A,DB!$Y:$Y),計算用!$C$4)} -> #NAME? | K50: ギュントの丘 | L50: {=_xludf.XLOOKUP(K50,計算用!$R$2:$R$36,計算用!$S$2:$S$36)<>19} -> #NAME? | M50: {=_xludf.XLOOKUP(K50,計算用!$R:$R,計算用!$W:$W)} -> #NAME? | N50: {=_xludf.XLOOKUP(K50,計算用!$R:$R,計算用!$Y:$Y)} -> #NAME? | O50: {=_xludf.XLOOKUP(K50,計算用!$R:$R,計算用!$X:$X)} -> #NAME? | P50: {=_xludf.XLOOKUP(K46,DB!$A:$A,DB!$AB:$AB)} -> #NAME? | Q50: {=_xludf.XLOOKUP(K46,DB!$A:$A,DB!$AC:$AC)} -> #NAME? | R50: {=_xludf.XLOOKUP(K46,DB!$A:$A,DB!$AD:$AD)} -> #NAME? | S50: {=IF(_xludf.IFNA(R50=0,TRUE),_xludf.XLOOKUP(K46-7,DB!$A:$A,DB!$Y:$Y),計算用!$C$4)} -> #NAME? | T50: 隠された修道院 | U50: {=_xludf.XLOOKUP(T50,計算用!$R$2:$R$36,計算用!$S$2:$S$36)<>19} -> #NAME? | V50: {=_xludf.XLOOKUP(T50,計算用!$R:$R,計算用!$W:$W)} -> #NAME? | W50: {=_xludf.XLOOKUP(T50,計算用!$R:$R,計算用!$Y:$Y)} -> #NAME? | X50: {=_xludf.XLOOKUP(T50,計算用!$R:$R,計算用!$X:$X)} -> #NAME? | Y50: {=_xludf.XLOOKUP(T46,DB!$A:$A,DB!$AB:$AB)} -> #NAME? | Z50: {=_xludf.XLOOKUP(T46,DB!$A:$A,DB!$AC:$AC)} -> #NAME? | AA50: {=_xludf.XLOOKUP(T46,DB!$A:$A,DB!$AD:$AD)} -> #NAME? | AB50: {=IF(_xludf.IFNA(AA50=0,TRUE),_xludf.XLOOKUP(T46-7,DB!$A:$A,DB!$Y:$Y),計算用!$C$4)} -> #NAME? | AC50: オークキャンプ | AD50: {=_xludf.XLOOKUP(AC50,計算用!$R$2:$R$36,計算用!$S$2:$S$36)<>19} -> #NAME? | AE50: {=_xludf.XLOOKUP(AC50,計算用!$R:$R,計算用!$W:$W)} -> #NAME? | AF50: {=_xludf.XLOOKUP(AC50,計算用!$R:$R,計算用!$Y:$Y)} -> #NAME? | AG50: {=_xludf.XLOOKUP(AC50,計算用!$R:$R,計算用!$X:$X)} -> #NAME? | AH50: {=_xludf.XLOOKUP(AC46,DB!$A:$A,DB!$AB:$AB)} -> #NAME? | AI50: {=_xludf.XLOOKUP(AC46,DB!$A:$A,DB!$AC:$AC)} -> #NAME? | AJ50: {=_xludf.XLOOKUP(AC46,DB!$A:$A,DB!$AD:$AD)} -> #NAME? | AK50: {=IF(_xludf.IFNA(AJ50=0,TRUE),_xludf.XLOOKUP(AC46-7,DB!$A:$A,DB!$Y:$Y),計算用!$C$4)} -> #NAME?
J51: {=IF(_xludf.IFNA(I51=0,TRUE),_xludf.XLOOKUP(B46-7,DB!$A:$A,DB!$AG:$AG),計算用!$C$4)} -> #NAME? | K51: 高原地帯 | L51: {=_xludf.XLOOKUP(K51,計算用!$R$2:$R$36,計算用!$S$2:$S$36)<>19} -> #NAME? | M51: {=_xludf.XLOOKUP(K51,計算用!$R:$R,計算用!$W:$W)} -> #NAME? | N51: {=_xludf.XLOOKUP(K51,計算用!$R:$R,計算用!$Y:$Y)} -> #NAME? | O51: {=_xludf.XLOOKUP(K51,計算用!$R:$R,計算用!$X:$X)} -> #NAME? | P51: {=_xludf.XLOOKUP(K46,DB!$A:$A,DB!$AJ:$AJ)} -> #NAME? | Q51: {=_xludf.XLOOKUP(K46,DB!$A:$A,DB!$AK:$AK)} -> #NAME? | R51: {=_xludf.XLOOKUP(K46,DB!$A:$A,DB!$AL:$AL)} -> #NAME? | S51: {=IF(_xludf.IFNA(R51=0,TRUE),_xludf.XLOOKUP(K46-7,DB!$A:$A,DB!$AG:$AG),計算用!$C$4)} -> #NAME? | T51: マルニの第2実験場 | U51: {=_xludf.XLOOKUP(T51,計算用!$R$2:$R$36,計算用!$S$2:$S$36)<>19} -> #NAME? | V51: {=_xludf.XLOOKUP(T51,計算用!$R:$R,計算用!$W:$W)} -> #NAME? | W51: {=_xludf.XLOOKUP(T51,計算用!$R:$R,計算用!$Y:$Y)} -> #NAME? | X51: {=_xludf.XLOOKUP(T51,計算用!$R:$R,計算用!$X:$X)} -> #NAME? | Y51: {=_xludf.XLOOKUP(T46,DB!$A:$A,DB!$AJ:$AJ)} -> #NAME? | Z51: {=_xludf.XLOOKUP(T46,DB!$A:$A,DB!$AK:$AK)} -> #NAME? | AA51: {=_xludf.XLOOKUP(T46,DB!$A:$A,DB!$AL:$AL)} -> #NAME? | AB51: {=IF(_xludf.IFNA(AA51=0,TRUE),_xludf.XLOOKUP(T46-7,DB!$A:$A,DB!$AG:$AG),計算用!$C$4)} -> #NAME?
B52: ナーガ沼地 | C52: {=_xludf.XLOOKUP(B52,計算用!$R$2:$R$36,計算用!$S$2:$S$36)<>19} -> #NAME? | D52: {=_xludf.XLOOKUP(B52,計算用!$R:$R,計算用!$W:$W)} -> #NAME? | E52: {=_xludf.XLOOKUP(B52,計算用!$R:$R,計算用!$Y:$Y)} -> #NAME? | F52: {=_xludf.XLOOKUP(B52,計算用!$R:$R,計算用!$X:$X)} -> #NAME? | G52: {=_xludf.XLOOKUP(B46,DB!$A:$A,DB!$AR:$AR)} -> #NAME? | H52: {=_xludf.XLOOKUP(B46,DB!$A:$A,DB!$AS:$AS)} -> #NAME? | I52: {=_xludf.XLOOKUP(B46,DB!$A:$A,DB!$AT:$AT)} -> #NAME? | J52: {=IF(_xludf.IFNA(I52=0,TRUE),_xludf.XLOOKUP(B46-7,DB!$A:$A,DB!$AO:$AO),計算用!$C$4)} -> #NAME? | K52: 隠遁の森 | L52: {=_xludf.XLOOKUP(K52,計算用!$R$2:$R$36,計算用!$S$2:$S$36)<>19} -> #NAME? | M52: {=_xludf.XLOOKUP(K52,計算用!$R:$R,計算用!$W:$W)} -> #NAME? | N52: {=_xludf.XLOOKUP(K52,計算用!$R:$R,計算用!$Y:$Y)} -> #NAME? | O52: {=_xludf.XLOOKUP(K52,計算用!$R:$R,計算用!$X:$X)} -> #NAME? | P52: {=_xludf.XLOOKUP(K46,DB!$A:$A,DB!$AR:$AR)} -> #NAME? | Q52: {=_xludf.XLOOKUP(K46,DB!$A:$A,DB!$AS:$AS)} -> #NAME? | R52: {=_xludf.XLOOKUP(K46,DB!$A:$A,DB!$AT:$AT)} -> #NAME? | S52: {=IF(_xludf.IFNA(R52=0,TRUE),_xludf.XLOOKUP(K46-7,DB!$A:$A,DB!$AO:$AO),計算用!$C$4)} -> #NAME? | T52: アグリス平原 | U52: {=_xludf.XLOOKUP(T52,計算用!$R$2:$R$36,計算用!$S$2:$S$36)<>19} -> #NAME? | V52: {=_xludf.XLOOKUP(T52,計算用!$R:$R,計算用!$W:$W)} -> #NAME? | W52: {=_xludf.XLOOKUP(T52,計算用!$R:$R,計算用!$Y:$Y)} -> #NAME? | X52: {=_xludf.XLOOKUP(T52,計算用!$R:$R,計算用!$X:$X)} -> #NAME? | Y52: {=_xludf.XLOOKUP(T46,DB!$A:$A,DB!$AR:$AR)} -> #NAME? | Z52: {=_xludf.XLOOKUP(T46,DB!$A:$A,DB!$AS:$AS)} -> #NAME? | AA52: {=_xludf.XLOOKUP(T46,DB!$A:$A,DB!$AT:$AT)} -> #NAME? | AB52: {=IF(_xludf.IFNA(AA52=0,TRUE),_xludf.XLOOKUP(T46-7,DB!$A:$A,DB!$AO:$AO),計算用!$C$4)} -> #NAME? | AC52: 北部採石場 | AD52: {=_xludf.XLOOKUP(AC52,計算用!$R$2:$R$36,計算用!$S$2:$S$36)<>19} -> #NAME? | AE52: {=_xludf.XLOOKUP(AC52,計算用!$R:$R,計算用!$W:$W)} -> #NAME? | AF52: {=_xludf.XLOOKUP(AC52,計算用!$R:$R,計算用!$Y:$Y)} -> #NAME? | AG52: {=_xludf.XLOOKUP(AC52,計算用!$R:$R,計算用!$X:$X)} -> #NAME? | AH52: {=_xludf.XLOOKUP(AC46,DB!$A:$A,DB!$AR:$AR)} -> #NAME? | AI52: {=_xludf.XLOOKUP(AC46,DB!$A:$A,DB!$AS:$AS)} -> #NAME? | AJ52: {=_xludf.XLOOKUP(AC46,DB!$A:$A,DB!$AT:$AT)} -> #NAME? | AK52: {=IF(_xludf.IFNA(AJ52=0,TRUE),_xludf.XLOOKUP(AC46-7,DB!$A:$A,DB!$AO:$AO),計算用!$C$4)} -> #NAME?
B53: 旧ダンデリオン | C53: {=_xludf.XLOOKUP(B53,計算用!$R$2:$R$36,計算用!$S$2:$S$36)<>19} -> #NAME? | D53: {=_xludf.XLOOKUP(B53,計算用!$R:$R,計算用!$W:$W)} -> #NAME? | E53: {=_xludf.XLOOKUP(B53,計算用!$R:$R,計算用!$Y:$Y)} -> #NAME? | F53: {=_xludf.XLOOKUP(B53,計算用!$R:$R,計算用!$X:$X)} -> #NAME? | G53: {=_xludf.XLOOKUP(B46,DB!$A:$A,DB!$AZ:$AZ)} -> #NAME? | H53: {=_xludf.XLOOKUP(B46,DB!$A:$A,DB!$BA:$BA)} -> #NAME? | I53: {=_xludf.XLOOKUP(B46,DB!$A:$A,DB!$BB:$BB)} -> #NAME? | J53: {=IF(_xludf.IFNA(I53=0,TRUE),_xludf.XLOOKUP(B46-7,DB!$A:$A,DB!$AW:$AW),計算用!$C$4)} -> #NAME? | K53: エワズの丘 | L53: {=_xludf.XLOOKUP(K53,計算用!$R$2:$R$36,計算用!$S$2:$S$36)<>19} -> #NAME? | M53: {=_xludf.XLOOKUP(K53,計算用!$R:$R,計算用!$W:$W)} -> #NAME? | N53: {=_xludf.XLOOKUP(K53,計算用!$R:$R,計算用!$Y:$Y)} -> #NAME? | O53: {=_xludf.XLOOKUP(K53,計算用!$R:$R,計算用!$X:$X)} -> #NAME? | P53: {=_xludf.XLOOKUP(K46,DB!$A:$A,DB!$AZ:$AZ)} -> #NAME? | Q53: {=_xludf.XLOOKUP(K46,DB!$A:$A,DB!$BA:$BA)} -> #NAME? | R53: {=_xludf.XLOOKUP(K46,DB!$A:$A,DB!$BB:$BB)} -> #NAME? | S53: {=IF(_xludf.IFNA(R53=0,TRUE),_xludf.XLOOKUP(K46-7,DB!$A:$A,DB!$AW:$AW),計算用!$C$4)} -> #NAME? | T53: リンチ農場廃墟 | U53: {=_xludf.XLOOKUP(T53,計算用!$R$2:$R$36,計算用!$S$2:$S$36)<>19} -> #NAME? | V53: {=_xludf.XLOOKUP(T53,計算用!$R:$R,計算用!$W:$W)} -> #NAME? | W53: {=_xludf.XLOOKUP(T53,計算用!$R:$R,計算用!$Y:$Y)} -> #NAME? | X53: {=_xludf.XLOOKUP(T53,計算用!$R:$R,計算用!$X:$X)} -> #NAME? | Y53: {=_xludf.XLOOKUP(T46,DB!$A:$A,DB!$AZ:$AZ)} -> #NAME? | Z53: {=_xludf.XLOOKUP(T46,DB!$A:$A,DB!$BA:$BA)} -> #NAME? | AA53: {=_xludf.XLOOKUP(T46,DB!$A:$A,DB!$BB:$BB)} -> #NAME? | AB53: {=IF(_xludf.IFNA(AA53=0,TRUE),_xludf.XLOOKUP(T46-7,DB!$A:$A,DB!$AW:$AW),計算用!$C$4)} -> #NAME? | AC53: ハーピーの絶壁 | AD53: {=_xludf.XLOOKUP(AC53,計算用!$R$2:$R$36,計算用!$S$2:$S$36)<>19} -> #NAME? | AE53: {=_xludf.XLOOKUP(AC53,計算用!$R:$R,計算用!$W:$W)} -> #NAME? | AF53: {=_xludf.XLOOKUP(AC53,計算用!$R:$R,計算用!$Y:$Y)} -> #NAME? | AG53: {=_xludf.XLOOKUP(AC53,計算用!$R:$R,計算用!$X:$X)} -> #NAME? | AH53: {=_xludf.XLOOKUP(AC46,DB!$A:$A,DB!$AZ:$AZ)} -> #NAME? | AI53: {=_xludf.XLOOKUP(AC46,DB!$A:$A,DB!$BA:$BA)} -> #NAME? | AJ53: {=_xludf.XLOOKUP(AC46,DB!$A:$A,DB!$BB:$BB)} -> #NAME? | AK53: {=IF(_xludf.IFNA(AJ53=0,TRUE),_xludf.XLOOKUP(AC46-7,DB!$A:$A,DB!$AW:$AW),計算用!$C$4)} -> #NAME?
B54: 捨てられた地 | C54: {=_xludf.XLOOKUP(B54,計算用!$R$2:$R$36,計算用!$S$2:$S$36)<>19} -> #NAME? | D54: {=_xludf.XLOOKUP(B54,計算用!$R:$R,計算用!$W:$W)} -> #NAME? | E54: {=_xludf.XLOOKUP(B54,計算用!$R:$R,計算用!$Y:$Y)} -> #NAME? | F54: {=_xludf.XLOOKUP(B54,計算用!$R:$R,計算用!$X:$X)} -> #NAME? | G54: {=_xludf.XLOOKUP(B46,DB!$A:$A,DB!$BH:$BH)} -> #NAME? | H54: {=_xludf.XLOOKUP(B46,DB!$A:$A,DB!$BI:$BI)} -> #NAME? | I54: {=_xludf.XLOOKUP(B46,DB!$A:$A,DB!$BJ:$BJ)} -> #NAME? | J54: {=IF(_xludf.IFNA(I54=0,TRUE),_xludf.XLOOKUP(B46-7,DB!$A:$A,DB!$BE:$BE),計算用!$C$4)} -> #NAME? | K54: 廃城跡入り口 | L54: {=_xludf.XLOOKUP(K54,計算用!$R$2:$R$36,計算用!$S$2:$S$36)<>19} -> #NAME? | M54: {=_xludf.XLOOKUP(K54,計算用!$R:$R,計算用!$W:$W)} -> #NAME? | N54: {=_xludf.XLOOKUP(K54,計算用!$R:$R,計算用!$Y:$Y)} -> #NAME? | O54: {=_xludf.XLOOKUP(K54,計算用!$R:$R,計算用!$X:$X)} -> #NAME? | P54: {=_xludf.XLOOKUP(K46,DB!$A:$A,DB!$BH:$BH)} -> #NAME? | Q54: {=_xludf.XLOOKUP(K46,DB!$A:$A,DB!$BI:$BI)} -> #NAME? | R54: {=_xludf.XLOOKUP(K46,DB!$A:$A,DB!$BJ:$BJ)} -> #NAME? | S54: {=IF(_xludf.IFNA(R54=0,TRUE),_xludf.XLOOKUP(K46-7,DB!$A:$A,DB!$BE:$BE),計算用!$C$4)} -> #NAME? | T54: ブレディー砦 | U54: {=_xludf.XLOOKUP(T54,計算用!$R$2:$R$36,計算用!$S$2:$S$36)<>19} -> #NAME? | V54: {=_xludf.XLOOKUP(T54,計算用!$R:$R,計算用!$W:$W)} -> #NAME? | W54: {=_xludf.XLOOKUP(T54,計算用!$R:$R,計算用!$Y:$Y)} -> #NAME? | X54: {=_xludf.XLOOKUP(T54,計算用!$R:$R,計算用!$X:$X)} -> #NAME? | Y54: {=_xludf.XLOOKUP(T46,DB!$A:$A,DB!$BH:$BH)} -> #NAME? | Z54: {=_xludf.XLOOKUP(T46,DB!$A:$A,DB!$BI:$BI)} -> #NAME? | AA54: {=_xludf.XLOOKUP(T46,DB!$A:$A,DB!$BJ:$BJ)} -> #NAME? | AB54: {=IF(_xludf.IFNA(AA54=0,TRUE),_xludf.XLOOKUP(T46-7,DB!$A:$A,DB!$BE:$BE),計算用!$C$4)} -> #NAME? | AC54: ブリの森 | AD54: {=_xludf.XLOOKUP(AC54,計算用!$R$2:$R$36,計算用!$S$2:$S$36)<>19} -> #NAME? | AE54: {=_xludf.XLOOKUP(AC54,計算用!$R:$R,計算用!$W:$W)} -> #NAME? | AF54: {=_xludf.XLOOKUP(AC54,計算用!$R:$R,計算用!$Y:$Y)} -> #NAME? | AG54: {=_xludf.XLOOKUP(AC54,計算用!$R:$R,計算用!$X:$X)} -> #NAME? | AH54: {=_xludf.XLOOKUP(AC46,DB!$A:$A,DB!$BH:$BH)} -> #NAME? | AI54: {=_xludf.XLOOKUP(AC46,DB!$A:$A,DB!$BI:$BI)} -> #NAME? | AJ54: {=_xludf.XLOOKUP(AC46,DB!$A:$A,DB!$BJ:$BJ)} -> #NAME? | AK54: {=IF(_xludf.IFNA(AJ54=0,TRUE),_xludf.XLOOKUP(AC46-7,DB!$A:$A,DB!$BE:$BE),計算用!$C$4)} -> #NAME?
B55: ベア川下流 | C55: {=_xludf.XLOOKUP(B55,計算用!$R$2:$R$36,計算用!$S$2:$S$36)<>19} -> #NAME? | D55: {=_xludf.XLOOKUP(B55,計算用!$R:$R,計算用!$W:$W)} -> #NAME? | E55: {=_xludf.XLOOKUP(B55,計算用!$R:$R,計算用!$Y:$Y)} -> #NAME? | F55: {=_xludf.XLOOKUP(B55,計算用!$R:$R,計算用!$X:$X)} -> #NAME? | G55: {=_xludf.XLOOKUP(B46,DB!$A:$A,DB!$BP:$BP)} -> #NAME? | H55: {=_xludf.XLOOKUP(B46,DB!$A:$A,DB!$BQ:$BQ)} -> #NAME? | I55: {=_xludf.XLOOKUP(B46,DB!$A:$A,DB!$BR:$BR)} -> #NAME? | J55: {=IF(_xludf.IFNA(I55=0,TRUE),_xludf.XLOOKUP(B46-7,DB!$A:$A,DB!$BM:$BM),計算用!$C$4)} -> #NAME? | K55: カイア渡し場 | L55: {=_xludf.XLOOKUP(K55,計算用!$R$2:$R$36,計算用!$S$2:$S$36)<>19} -> #NAME? | M55: {=_xludf.XLOOKUP(K55,計算用!$R:$R,計算用!$W:$W)} -> #NAME? | N55: {=_xludf.XLOOKUP(K55,計算用!$R:$R,計算用!$Y:$Y)} -> #NAME? | O55: {=_xludf.XLOOKUP(K55,計算用!$R:$R,計算用!$X:$X)} -> #NAME? | P55: {=_xludf.XLOOKUP(K46,DB!$A:$A,DB!$BP:$BP)} -> #NAME? | Q55: {=_xludf.XLOOKUP(K46,DB!$A:$A,DB!$BQ:$BQ)} -> #NAME? | R55: {=_xludf.XLOOKUP(K46,DB!$A:$A,DB!$BR:$BR)} -> #NAME? | S55: {=IF(_xludf.IFNA(R55=0,TRUE),_xludf.XLOOKUP(K46-7,DB!$A:$A,DB!$BM:$BM),計算用!$C$4)} -> #NAME? | T55: エントの森 | U55: {=_xludf.XLOOKUP(T55,計算用!$R$2:$R$36,計算用!$S$2:$S$36)<>19} -> #NAME? | V55: {=_xludf.XLOOKUP(T55,計算用!$R:$R,計算用!$W:$W)} -> #NAME? | W55: {=_xludf.XLOOKUP(T55,計算用!$R:$R,計算用!$Y:$Y)} -> #NAME? | X55: {=_xludf.XLOOKUP(T55,計算用!$R:$R,計算用!$X:$X)} -> #NAME? | Y55: {=_xludf.XLOOKUP(T46,DB!$A:$A,DB!$BP:$BP)} -> #NAME? | Z55: {=_xludf.XLOOKUP(T46,DB!$A:$A,DB!$BQ:$BQ)} -> #NAME? | AA55: {=_xludf.XLOOKUP(T46,DB!$A:$A,DB!$BR:$BR)} -> #NAME? | AB55: {=IF(_xludf.IFNA(AA55=0,TRUE),_xludf.XLOOKUP(T46-7,DB!$A:$A,DB!$BM:$BM),計算用!$C$4)} -> #NAME? | AC55: マンシャの森の奥 | AD55: {=_xludf.XLOOKUP(AC55,計算用!$R$2:$R$36,計算用!$S$2:$S$36)<>19} -> #NAME? | AE55: {=_xludf.XLOOKUP(AC55,計算用!$R:$R,計算用!$W:$W)} -> #NAME? | AF55: {=_xludf.XLOOKUP(AC55,計算用!$R:$R,計算用!$Y:$Y)} -> #NAME? | AG55: {=_xludf.XLOOKUP(AC55,計算用!$R:$R,計算用!$X:$X)} -> #NAME? | AH55: {=_xludf.XLOOKUP(AC46,DB!$A:$A,DB!$BP:$BP)} -> #NAME? | AI55: {=_xludf.XLOOKUP(AC46,DB!$A:$A,DB!$BQ:$BQ)} -> #NAME? | AJ55: {=_xludf.XLOOKUP(AC46,DB!$A:$A,DB!$BR:$BR)} -> #NAME? | AK55: {=IF(_xludf.IFNA(AJ55=0,TRUE),_xludf.XLOOKUP(AC46-7,DB!$A:$A,DB!$BM:$BM),計算用!$C$4)} -> #NAME?
B56: アルティノ入り口 | C56: {=_xludf.XLOOKUP(B56,計算用!$R$2:$R$36,計算用!$S$2:$S$36)<>19} -> #NAME? | D56: {=_xludf.XLOOKUP(B56,計算用!$R:$R,計算用!$W:$W)} -> #NAME? | E56: {=_xludf.XLOOKUP(B56,計算用!$R:$R,計算用!$Y:$Y)} -> #NAME? | F56: {=_xludf.XLOOKUP(B56,計算用!$R:$R,計算用!$X:$X)} -> #NAME? | G56: {=_xludf.XLOOKUP(B46,DB!$A:$A,DB!$BX:$BX)} -> #NAME? | H56: {=_xludf.XLOOKUP(B46,DB!$A:$A,DB!$BY:$BY)} -> #NAME? | I56: {=_xludf.XLOOKUP(B46,DB!$A:$A,DB!$BZ:$BZ)} -> #NAME? | J56: {=IF(_xludf.IFNA(I56=0,TRUE),_xludf.XLOOKUP(B46-7,DB!$A:$A,DB!$BU:$BU),計算用!$C$4)} -> #NAME? | K56: カズラ農場 | L56: {=_xludf.XLOOKUP(K56,計算用!$R$2:$R$36,計算用!$S$2:$S$36)<>19} -> #NAME? | M56: {=_xludf.XLOOKUP(K56,計算用!$R:$R,計算用!$W:$W)} -> #NAME? | N56: {=_xludf.XLOOKUP(K56,計算用!$R:$R,計算用!$Y:$Y)} -> #NAME? | O56: {=_xludf.XLOOKUP(K56,計算用!$R:$R,計算用!$X:$X)} -> #NAME? | P56: {=_xludf.XLOOKUP(K46,DB!$A:$A,DB!$BX:$BX)} -> #NAME? | Q56: {=_xludf.XLOOKUP(K46,DB!$A:$A,DB!$BY:$BY)} -> #NAME? | R56: {=_xludf.XLOOKUP(K46,DB!$A:$A,DB!$BZ:$BZ)} -> #NAME? | S56: {=IF(_xludf.IFNA(R56=0,TRUE),_xludf.XLOOKUP(K46-7,DB!$A:$A,DB!$BU:$BU),計算用!$C$4)} -> #NAME? | T56: クリオ村 | U56: {=_xludf.XLOOKUP(T56,計算用!$R$2:$R$36,計算用!$S$2:$S$36)<>19} -> #NAME? | V56: {=_xludf.XLOOKUP(T56,計算用!$R:$R,計算用!$W:$W)} -> #NAME? | W56: {=_xludf.XLOOKUP(T56,計算用!$R:$R,計算用!$Y:$Y)} -> #NAME? | X56: {=_xludf.XLOOKUP(T56,計算用!$R:$R,計算用!$X:$X)} -> #NAME? | Y56: {=_xludf.XLOOKUP(T46,DB!$A:$A,DB!$BX:$BX)} -> #NAME? | Z56: {=_xludf.XLOOKUP(T46,DB!$A:$A,DB!$BY:$BY)} -> #NAME? | AA56: {=_xludf.XLOOKUP(T46,DB!$A:$A,DB!$BZ:$BZ)} -> #NAME? | AB56: {=IF(_xludf.IFNA(AA56=0,TRUE),_xludf.XLOOKUP(T46-7,DB!$A:$A,DB!$BU:$BU),計算用!$C$4)} -> #NAME? | AC56: 廃鉄鉱山採掘場 | AD56: {=_xludf.XLOOKUP(AC56,計算用!$R$2:$R$36,計算用!$S$2:$S$36)<>19} -> #NAME? | AE56: {=_xludf.XLOOKUP(AC56,計算用!$R:$R,計算用!$W:$W)} -> #NAME? | AF56: {=_xludf.XLOOKUP(AC56,計算用!$R:$R,計算用!$Y:$Y)} -> #NAME? | AG56: {=_xludf.XLOOKUP(AC56,計算用!$R:$R,計算用!$X:$X)} -> #NAME? | AH56: {=_xludf.XLOOKUP(AC46,DB!$A:$A,DB!$BX:$BX)} -> #NAME? | AI56: {=_xludf.XLOOKUP(AC46,DB!$A:$A,DB!$BY:$BY)} -> #NAME? | AJ56: {=_xludf.XLOOKUP(AC46,DB!$A:$A,DB!$BZ:$BZ)} -> #NAME? | AK56: {=IF(_xludf.IFNA(AJ56=0,TRUE),_xludf.XLOOKUP(AC46-7,DB!$A:$A,DB!$BU:$BU),計算用!$C$4)} -> #NAME?
B57: =B46+7 -> 45921 | C57: 22時 | D57: 城塞 | E57: 枠 | F57: 人数 | G57: 統一 | H57: 宴会 | I57: 税 | J57: 保有 | K57: =B57+1 -> 45922 | L57: 22時 | M57: 種別 | N57: 枠 | O57: 人数 | P57: 統一 | Q57: 宴会 | R57: 税 | S57: 保有 | T57: =K57+3 -> 45925 | U57: 22時 | V57: 種別 | W57: 枠 | X57: 人数 | Y57: 統一 | Z57: 宴会 | AA57: 税 | AB57: 保有 | AC57: =T57+1 -> 45926 | AD57: 22時 | AE57: 種別 | AF57: 枠 | AG57: 人数 | AH57: 統一 | AI57: 宴会 | AJ57: 税 | AK57: 保有
B58: デルニール農場 | C58: {=_xludf.XLOOKUP(B58,計算用!$R$2:$R$36,計算用!$S$2:$S$36)<>19} -> #NAME? | D58: {=_xludf.XLOOKUP(B58,計算用!$R:$R,計算用!$W:$W)} -> #NAME? | E58: {=_xludf.XLOOKUP(B58,計算用!$R:$R,計算用!$Y:$Y)} -> #NAME? | F58: {=_xludf.XLOOKUP(B58,計算用!$R:$R,計算用!$X:$X)} -> #NAME? | G58: - | H58: {=_xludf.XLOOKUP(B57,DB!$A:$A,DB!$F:$F)} -> #NAME? | I58: {=_xludf.XLOOKUP(B57,DB!$A:$A,DB!$G:$G)} -> #NAME? | J58: {=IF(_xludf.IFNA(I58=0,TRUE),_xludf.XLOOKUP(B57-7,DB!$A:$A,DB!$C:$C),計算用!$C$4)} -> #NAME? | K58: ルツム族駐屯地 | L58: {=_xludf.XLOOKUP(K58,計算用!$R$2:$R$36,計算用!$S$2:$S$36)<>19} -> #NAME? | M58: {=_xludf.XLOOKUP(K58,計算用!$R:$R,計算用!$W:$W)} -> #NAME? | N58: {=_xludf.XLOOKUP(K58,計算用!$R:$R,計算用!$Y:$Y)} -> #NAME? | O58: {=_xludf.XLOOKUP(K58,計算用!$R:$R,計算用!$X:$X)} -> #NAME? | P58: - | Q58: {=_xludf.XLOOKUP(K57,DB!$A:$A,DB!$F:$F)} -> #NAME? | R58: {=_xludf.XLOOKUP(K57,DB!$A:$A,DB!$G:$G)} -> #NAME? | S58: {=IF(_xludf.IFNA(R58=0,TRUE),_xludf.XLOOKUP(K57-7,DB!$A:$A,DB!$C:$C),計算用!$C$4)} -> #NAME? | T58: 北部大農場 | U58: {=_xludf.XLOOKUP(T58,計算用!$R$2:$R$36,計算用!$S$2:$S$36)<>19} -> #NAME? | V58: {=_xludf.XLOOKUP(T58,計算用!$R:$R,計算用!$W:$W)} -> #NAME? | W58: {=_xludf.XLOOKUP(T58,計算用!$R:$R,計算用!$Y:$Y)} -> #NAME? | X58: {=_xludf.XLOOKUP(T58,計算用!$R:$R,計算用!$X:$X)} -> #NAME? | Y58: - | Z58: {=_xludf.XLOOKUP(T57,DB!$A:$A,DB!$F:$F)} -> #NAME? | AA58: {=_xludf.XLOOKUP(T57,DB!$A:$A,DB!$G:$G)} -> #NAME? | AB58: {=IF(_xludf.IFNA(AA58=0,TRUE),_xludf.XLOOKUP(T57-7,DB!$A:$A,DB!$C:$C),計算用!$C$4)} -> #NAME? | AC58: アグリス祭壇 | AD58: {=_xludf.XLOOKUP(AC58,計算用!$R$2:$R$36,計算用!$S$2:$S$36)<>19} -> #NAME? | AE58: {=_xludf.XLOOKUP(AC58,計算用!$R:$R,計算用!$W:$W)} -> #NAME? | AF58: {=_xludf.XLOOKUP(AC58,計算用!$R:$R,計算用!$Y:$Y)} -> #NAME? | AG58: {=_xludf.XLOOKUP(AC58,計算用!$R:$R,計算用!$X:$X)} -> #NAME? | AH58: - | AI58: {=_xludf.XLOOKUP(AC57,DB!$A:$A,DB!$F:$F)} -> #NAME? | AJ58: {=_xludf.XLOOKUP(AC57,DB!$A:$A,DB!$G:$G)} -> #NAME? | AK58: {=IF(_xludf.IFNA(AJ58=0,TRUE),_xludf.XLOOKUP(AC57-7,DB!$A:$A,DB!$C:$C),計算用!$C$4)} -> #NAME?
J59: {=IF(_xludf.IFNA(I59=0,TRUE),_xludf.XLOOKUP(B57-7,DB!$A:$A,DB!$J:$J),計算用!$C$4)} -> #NAME? | K59: アト農場 | L59: {=_xludf.XLOOKUP(K59,計算用!$R$2:$R$36,計算用!$S$2:$S$36)<>19} -> #NAME? | M59: {=_xludf.XLOOKUP(K59,計算用!$R:$R,計算用!$W:$W)} -> #NAME? | N59: {=_xludf.XLOOKUP(K59,計算用!$R:$R,計算用!$Y:$Y)} -> #NAME? | O59: {=_xludf.XLOOKUP(K59,計算用!$R:$R,計算用!$X:$X)} -> #NAME? | P59: - | Q59: {=_xludf.XLOOKUP(K57,DB!$A:$A,DB!$M:$M)} -> #NAME? | R59: {=_xludf.XLOOKUP(K57,DB!$A:$A,DB!$N:$N)} -> #NAME? | S59: {=IF(_xludf.IFNA(R59=0,TRUE),_xludf.XLOOKUP(K57-7,DB!$A:$A,DB!$J:$J),計算用!$C$4)} -> #NAME?
B60: 略奪の森 | C60: {=_xludf.XLOOKUP(B60,計算用!$R$2:$R$36,計算用!$S$2:$S$36)<>19} -> #NAME? | D60: {=_xludf.XLOOKUP(B60,計算用!$R:$R,計算用!$W:$W)} -> #NAME? | E60: {=_xludf.XLOOKUP(B60,計算用!$R:$R,計算用!$Y:$Y)} -> #NAME? | F60: {=_xludf.XLOOKUP(B60,計算用!$R:$R,計算用!$X:$X)} -> #NAME? | G60: {=_xludf.XLOOKUP(B57,DB!$A:$A,DB!$T:$T)} -> #NAME? | H60: {=_xludf.XLOOKUP(B57,DB!$A:$A,DB!$U:$U)} -> #NAME? | I60: {=_xludf.XLOOKUP(B57,DB!$A:$A,DB!$V:$V)} -> #NAME? | J60: {=IF(_xludf.IFNA(I60=0,TRUE),_xludf.XLOOKUP(B57-7,DB!$A:$A,DB!$Q:$Q),計算用!$C$4)} -> #NAME? | K60: ベリア農場地帯 | L60: {=_xludf.XLOOKUP(K60,計算用!$R$2:$R$36,計算用!$S$2:$S$36)<>19} -> #NAME? | M60: {=_xludf.XLOOKUP(K60,計算用!$R:$R,計算用!$W:$W)} -> #NAME? | N60: {=_xludf.XLOOKUP(K60,計算用!$R:$R,計算用!$Y:$Y)} -> #NAME? | O60: {=_xludf.XLOOKUP(K60,計算用!$R:$R,計算用!$X:$X)} -> #NAME? | P60: {=_xludf.XLOOKUP(K57,DB!$A:$A,DB!$T:$T)} -> #NAME? | Q60: {=_xludf.XLOOKUP(K57,DB!$A:$A,DB!$U:$U)} -> #NAME? | R60: {=_xludf.XLOOKUP(K57,DB!$A:$A,DB!$V:$V)} -> #NAME? | S60: {=IF(_xludf.IFNA(R60=0,TRUE),_xludf.XLOOKUP(K57-7,DB!$A:$A,DB!$Q:$Q),計算用!$C$4)} -> #NAME? | T60: トロル防御基地 | U60: {=_xludf.XLOOKUP(T60,計算用!$R$2:$R$36,計算用!$S$2:$S$36)<>19} -> #NAME? | V60: {=_xludf.XLOOKUP(T60,計算用!$R:$R,計算用!$W:$W)} -> #NAME? | W60: {=_xludf.XLOOKUP(T60,計算用!$R:$R,計算用!$Y:$Y)} -> #NAME? | X60: {=_xludf.XLOOKUP(T60,計算用!$R:$R,計算用!$X:$X)} -> #NAME? | Y60: {=_xludf.XLOOKUP(T57,DB!$A:$A,DB!$T:$T)} -> #NAME? | Z60: {=_xludf.XLOOKUP(T57,DB!$A:$A,DB!$U:$U)} -> #NAME? | AA60: {=_xludf.XLOOKUP(T57,DB!$A:$A,DB!$V:$V)} -> #NAME? | AB60: {=IF(_xludf.IFNA(AA60=0,TRUE),_xludf.XLOOKUP(T57-7,DB!$A:$A,DB!$Q:$Q),計算用!$C$4)} -> #NAME? | AC60: ナーガ抽出場 | AD60: {=_xludf.XLOOKUP(AC60,計算用!$R$2:$R$36,計算用!$S$2:$S$36)<>19} -> #NAME? | AE60: {=_xludf.XLOOKUP(AC60,計算用!$R:$R,計算用!$W:$W)} -> #NAME? | AF60: {=_xludf.XLOOKUP(AC60,計算用!$R:$R,計算用!$Y:$Y)} -> #NAME? | AG60: {=_xludf.XLOOKUP(AC60,計算用!$R:$R,計算用!$X:$X)} -> #NAME? | AH60: {=_xludf.XLOOKUP(AC57,DB!$A:$A,DB!$T:$T)} -> #NAME? | AI60: {=_xludf.XLOOKUP(AC57,DB!$A:$A,DB!$U:$U)} -> #NAME? | AJ60: {=_xludf.XLOOKUP(AC57,DB!$A:$A,DB!$V:$V)} -> #NAME? | AK60: {=IF(_xludf.IFNA(AJ60=0,TRUE),_xludf.XLOOKUP(AC57-7,DB!$A:$A,DB!$Q:$Q),計算用!$C$4)} -> #NAME?
B61: 忘却の地 | C61: {=_xludf.XLOOKUP(B61,計算用!$R$2:$R$36,計算用!$S$2:$S$36)<>19} -> #NAME? | D61: {=_xludf.XLOOKUP(B61,計算用!$R:$R,計算用!$W:$W)} -> #NAME? | E61: {=_xludf.XLOOKUP(B61,計算用!$R:$R,計算用!$Y:$Y)} -> #NAME? | F61: {=_xludf.XLOOKUP(B61,計算用!$R:$R,計算用!$X:$X)} -> #NAME? | G61: {=_xludf.XLOOKUP(B57,DB!$A:$A,DB!$AB:$AB)} -> #NAME? | H61: {=_xludf.XLOOKUP(B57,DB!$A:$A,DB!$AC:$AC)} -> #NAME? | I61: {=_xludf.XLOOKUP(B57,DB!$A:$A,DB!$AD:$AD)} -> #NAME? | J61: {=IF(_xludf.IFNA(I61=0,TRUE),_xludf.XLOOKUP(B57-7,DB!$A:$A,DB!$Y:$Y),計算用!$C$4)} -> #NAME? | K61: ギュントの丘 | L61: {=_xludf.XLOOKUP(K61,計算用!$R$2:$R$36,計算用!$S$2:$S$36)<>19} -> #NAME? | M61: {=_xludf.XLOOKUP(K61,計算用!$R:$R,計算用!$W:$W)} -> #NAME? | N61: {=_xludf.XLOOKUP(K61,計算用!$R:$R,計算用!$Y:$Y)} -> #NAME? | O61: {=_xludf.XLOOKUP(K61,計算用!$R:$R,計算用!$X:$X)} -> #NAME? | P61: {=_xludf.XLOOKUP(K57,DB!$A:$A,DB!$AB:$AB)} -> #NAME? | Q61: {=_xludf.XLOOKUP(K57,DB!$A:$A,DB!$AC:$AC)} -> #NAME? | R61: {=_xludf.XLOOKUP(K57,DB!$A:$A,DB!$AD:$AD)} -> #NAME? | S61: {=IF(_xludf.IFNA(R61=0,TRUE),_xludf.XLOOKUP(K57-7,DB!$A:$A,DB!$Y:$Y),計算用!$C$4)} -> #NAME? | T61: 隠された修道院 | U61: {=_xludf.XLOOKUP(T61,計算用!$R$2:$R$36,計算用!$S$2:$S$36)<>19} -> #NAME? | V61: {=_xludf.XLOOKUP(T61,計算用!$R:$R,計算用!$W:$W)} -> #NAME? | W61: {=_xludf.XLOOKUP(T61,計算用!$R:$R,計算用!$Y:$Y)} -> #NAME? | X61: {=_xludf.XLOOKUP(T61,計算用!$R:$R,計算用!$X:$X)} -> #NAME? | Y61: {=_xludf.XLOOKUP(T57,DB!$A:$A,DB!$AB:$AB)} -> #NAME? | Z61: {=_xludf.XLOOKUP(T57,DB!$A:$A,DB!$AC:$AC)} -> #NAME? | AA61: {=_xludf.XLOOKUP(T57,DB!$A:$A,DB!$AD:$AD)} -> #NAME? | AB61: {=IF(_xludf.IFNA(AA61=0,TRUE),_xludf.XLOOKUP(T57-7,DB!$A:$A,DB!$Y:$Y),計算用!$C$4)} -> #NAME? | AC61: オークキャンプ | AD61: {=_xludf.XLOOKUP(AC61,計算用!$R$2:$R$36,計算用!$S$2:$S$36)<>19} -> #NAME? | AE61: {=_xludf.XLOOKUP(AC61,計算用!$R:$R,計算用!$W:$W)} -> #NAME? | AF61: {=_xludf.XLOOKUP(AC61,計算用!$R:$R,計算用!$Y:$Y)} -> #NAME? | AG61: {=_xludf.XLOOKUP(AC61,計算用!$R:$R,計算用!$X:$X)} -> #NAME? | AH61: {=_xludf.XLOOKUP(AC57,DB!$A:$A,DB!$AB:$AB)} -> #NAME? | AI61: {=_xludf.XLOOKUP(AC57,DB!$A:$A,DB!$AC:$AC)} -> #NAME? | AJ61: {=_xludf.XLOOKUP(AC57,DB!$A:$A,DB!$AD:$AD)} -> #NAME? | AK61: {=IF(_xludf.IFNA(AJ61=0,TRUE),_xludf.XLOOKUP(AC57-7,DB!$A:$A,DB!$Y:$Y),計算用!$C$4)} -> #NAME?
J62: {=IF(_xludf.IFNA(I62=0,TRUE),_xludf.XLOOKUP(B57-7,DB!$A:$A,DB!$AG:$AG),計算用!$C$4)} -> #NAME? | K62: 高原地帯 | L62: {=_xludf.XLOOKUP(K62,計算用!$R$2:$R$36,計算用!$S$2:$S$36)<>19} -> #NAME? | M62: {=_xludf.XLOOKUP(K62,計算用!$R:$R,計算用!$W:$W)} -> #NAME? | N62: {=_xludf.XLOOKUP(K62,計算用!$R:$R,計算用!$Y:$Y)} -> #NAME? | O62: {=_xludf.XLOOKUP(K62,計算用!$R:$R,計算用!$X:$X)} -> #NAME? | P62: {=_xludf.XLOOKUP(K57,DB!$A:$A,DB!$AJ:$AJ)} -> #NAME? | Q62: {=_xludf.XLOOKUP(K57,DB!$A:$A,DB!$AK:$AK)} -> #NAME? | R62: {=_xludf.XLOOKUP(K57,DB!$A:$A,DB!$AL:$AL)} -> #NAME? | S62: {=IF(_xludf.IFNA(R62=0,TRUE),_xludf.XLOOKUP(K57-7,DB!$A:$A,DB!$AG:$AG),計算用!$C$4)} -> #NAME? | T62: マルニの第2実験場 | U62: {=_xludf.XLOOKUP(T62,計算用!$R$2:$R$36,計算用!$S$2:$S$36)<>19} -> #NAME? | V62: {=_xludf.XLOOKUP(T62,計算用!$R:$R,計算用!$W:$W)} -> #NAME? | W62: {=_xludf.XLOOKUP(T62,計算用!$R:$R,計算用!$Y:$Y)} -> #NAME? | X62: {=_xludf.XLOOKUP(T62,計算用!$R:$R,計算用!$X:$X)} -> #NAME? | Y62: {=_xludf.XLOOKUP(T57,DB!$A:$A,DB!$AJ:$AJ)} -> #NAME? | Z62: {=_xludf.XLOOKUP(T57,DB!$A:$A,DB!$AK:$AK)} -> #NAME? | AA62: {=_xludf.XLOOKUP(T57,DB!$A:$A,DB!$AL:$AL)} -> #NAME? | AB62: {=IF(_xludf.IFNA(AA62=0,TRUE),_xludf.XLOOKUP(T57-7,DB!$A:$A,DB!$AG:$AG),計算用!$C$4)} -> #NAME?
B63: ナーガ沼地 | C63: {=_xludf.XLOOKUP(B63,計算用!$R$2:$R$36,計算用!$S$2:$S$36)<>19} -> #NAME? | D63: {=_xludf.XLOOKUP(B63,計算用!$R:$R,計算用!$W:$W)} -> #NAME? | E63: {=_xludf.XLOOKUP(B63,計算用!$R:$R,計算用!$Y:$Y)} -> #NAME? | F63: {=_xludf.XLOOKUP(B63,計算用!$R:$R,計算用!$X:$X)} -> #NAME? | G63: {=_xludf.XLOOKUP(B57,DB!$A:$A,DB!$AR:$AR)} -> #NAME? | H63: {=_xludf.XLOOKUP(B57,DB!$A:$A,DB!$AS:$AS)} -> #NAME? | I63: {=_xludf.XLOOKUP(B57,DB!$A:$A,DB!$AT:$AT)} -> #NAME? | J63: {=IF(_xludf.IFNA(I63=0,TRUE),_xludf.XLOOKUP(B57-7,DB!$A:$A,DB!$AO:$AO),計算用!$C$4)} -> #NAME? | K63: 隠遁の森 | L63: {=_xludf.XLOOKUP(K63,計算用!$R$2:$R$36,計算用!$S$2:$S$36)<>19} -> #NAME? | M63: {=_xludf.XLOOKUP(K63,計算用!$R:$R,計算用!$W:$W)} -> #NAME? | N63: {=_xludf.XLOOKUP(K63,計算用!$R:$R,計算用!$Y:$Y)} -> #NAME? | O63: {=_xludf.XLOOKUP(K63,計算用!$R:$R,計算用!$X:$X)} -> #NAME? | P63: {=_xludf.XLOOKUP(K57,DB!$A:$A,DB!$AR:$AR)} -> #NAME? | Q63: {=_xludf.XLOOKUP(K57,DB!$A:$A,DB!$AS:$AS)} -> #NAME? | R63: {=_xludf.XLOOKUP(K57,DB!$A:$A,DB!$AT:$AT)} -> #NAME? | S63: {=IF(_xludf.IFNA(R63=0,TRUE),_xludf.XLOOKUP(K57-7,DB!$A:$A,DB!$AO:$AO),計算用!$C$4)} -> #NAME? | T63: アグリス平原 | U63: {=_xludf.XLOOKUP(T63,計算用!$R$2:$R$36,計算用!$S$2:$S$36)<>19} -> #NAME? | V63: {=_xludf.XLOOKUP(T63,計算用!$R:$R,計算用!$W:$W)} -> #NAME? | W63: {=_xludf.XLOOKUP(T63,計算用!$R:$R,計算用!$Y:$Y)} -> #NAME? | X63: {=_xludf.XLOOKUP(T63,計算用!$R:$R,計算用!$X:$X)} -> #NAME? | Y63: {=_xludf.XLOOKUP(T57,DB!$A:$A,DB!$AR:$AR)} -> #NAME? | Z63: {=_xludf.XLOOKUP(T57,DB!$A:$A,DB!$AS:$AS)} -> #NAME? | AA63: {=_xludf.XLOOKUP(T57,DB!$A:$A,DB!$AT:$AT)} -> #NAME? | AB63: {=IF(_xludf.IFNA(AA63=0,TRUE),_xludf.XLOOKUP(T57-7,DB!$A:$A,DB!$AO:$AO),計算用!$C$4)} -> #NAME? | AC63: 北部採石場 | AD63: {=_xludf.XLOOKUP(AC63,計算用!$R$2:$R$36,計算用!$S$2:$S$36)<>19} -> #NAME? | AE63: {=_xludf.XLOOKUP(AC63,計算用!$R:$R,計算用!$W:$W)} -> #NAME? | AF63: {=_xludf.XLOOKUP(AC63,計算用!$R:$R,計算用!$Y:$Y)} -> #NAME? | AG63: {=_xludf.XLOOKUP(AC63,計算用!$R:$R,計算用!$X:$X)} -> #NAME? | AH63: {=_xludf.XLOOKUP(AC57,DB!$A:$A,DB!$AR:$AR)} -> #NAME? | AI63: {=_xludf.XLOOKUP(AC57,DB!$A:$A,DB!$AS:$AS)} -> #NAME? | AJ63: {=_xludf.XLOOKUP(AC57,DB!$A:$A,DB!$AT:$AT)} -> #NAME? | AK63: {=IF(_xludf.IFNA(AJ63=0,TRUE),_xludf.XLOOKUP(AC57-7,DB!$A:$A,DB!$AO:$AO),計算用!$C$4)} -> #NAME?
B64: 旧ダンデリオン | C64: {=_xludf.XLOOKUP(B64,計算用!$R$2:$R$36,計算用!$S$2:$S$36)<>19} -> #NAME? | D64: {=_xludf.XLOOKUP(B64,計算用!$R:$R,計算用!$W:$W)} -> #NAME? | E64: {=_xludf.XLOOKUP(B64,計算用!$R:$R,計算用!$Y:$Y)} -> #NAME? | F64: {=_xludf.XLOOKUP(B64,計算用!$R:$R,計算用!$X:$X)} -> #NAME? | G64: {=_xludf.XLOOKUP(B57,DB!$A:$A,DB!$AZ:$AZ)} -> #NAME? | H64: {=_xludf.XLOOKUP(B57,DB!$A:$A,DB!$BA:$BA)} -> #NAME? | I64: {=_xludf.XLOOKUP(B57,DB!$A:$A,DB!$BB:$BB)} -> #NAME? | J64: {=IF(_xludf.IFNA(I64=0,TRUE),_xludf.XLOOKUP(B57-7,DB!$A:$A,DB!$AW:$AW),計算用!$C$4)} -> #NAME? | K64: エワズの丘 | L64: {=_xludf.XLOOKUP(K64,計算用!$R$2:$R$36,計算用!$S$2:$S$36)<>19} -> #NAME? | M64: {=_xludf.XLOOKUP(K64,計算用!$R:$R,計算用!$W:$W)} -> #NAME? | N64: {=_xludf.XLOOKUP(K64,計算用!$R:$R,計算用!$Y:$Y)} -> #NAME? | O64: {=_xludf.XLOOKUP(K64,計算用!$R:$R,計算用!$X:$X)} -> #NAME? | P64: {=_xludf.XLOOKUP(K57,DB!$A:$A,DB!$AZ:$AZ)} -> #NAME? | Q64: {=_xludf.XLOOKUP(K57,DB!$A:$A,DB!$BA:$BA)} -> #NAME? | R64: {=_xludf.XLOOKUP(K57,DB!$A:$A,DB!$BB:$BB)} -> #NAME? | S64: {=IF(_xludf.IFNA(R64=0,TRUE),_xludf.XLOOKUP(K57-7,DB!$A:$A,DB!$AW:$AW),計算用!$C$4)} -> #NAME? | T64: リンチ農場廃墟 | U64: {=_xludf.XLOOKUP(T64,計算用!$R$2:$R$36,計算用!$S$2:$S$36)<>19} -> #NAME? | V64: {=_xludf.XLOOKUP(T64,計算用!$R:$R,計算用!$W:$W)} -> #NAME? | W64: {=_xludf.XLOOKUP(T64,計算用!$R:$R,計算用!$Y:$Y)} -> #NAME? | X64: {=_xludf.XLOOKUP(T64,計算用!$R:$R,計算用!$X:$X)} -> #NAME? | Y64: {=_xludf.XLOOKUP(T57,DB!$A:$A,DB!$AZ:$AZ)} -> #NAME? | Z64: {=_xludf.XLOOKUP(T57,DB!$A:$A,DB!$BA:$BA)} -> #NAME? | AA64: {=_xludf.XLOOKUP(T57,DB!$A:$A,DB!$BB:$BB)} -> #NAME? | AB64: {=IF(_xludf.IFNA(AA64=0,TRUE),_xludf.XLOOKUP(T57-7,DB!$A:$A,DB!$AW:$AW),計算用!$C$4)} -> #NAME? | AC64: ハーピーの絶壁 | AD64: {=_xludf.XLOOKUP(AC64,計算用!$R$2:$R$36,計算用!$S$2:$S$36)<>19} -> #NAME? | AE64: {=_xludf.XLOOKUP(AC64,計算用!$R:$R,計算用!$W:$W)} -> #NAME? | AF64: {=_xludf.XLOOKUP(AC64,計算用!$R:$R,計算用!$Y:$Y)} -> #NAME? | AG64: {=_xludf.XLOOKUP(AC64,計算用!$R:$R,計算用!$X:$X)} -> #NAME? | AH64: {=_xludf.XLOOKUP(AC57,DB!$A:$A,DB!$AZ:$AZ)} -> #NAME? | AI64: {=_xludf.XLOOKUP(AC57,DB!$A:$A,DB!$BA:$BA)} -> #NAME? | AJ64: {=_xludf.XLOOKUP(AC57,DB!$A:$A,DB!$BB:$BB)} -> #NAME? | AK64: {=IF(_xludf.IFNA(AJ64=0,TRUE),_xludf.XLOOKUP(AC57-7,DB!$A:$A,DB!$AW:$AW),計算用!$C$4)} -> #NAME?
B65: 捨てられた地 | C65: {=_xludf.XLOOKUP(B65,計算用!$R$2:$R$36,計算用!$S$2:$S$36)<>19} -> #NAME? | D65: {=_xludf.XLOOKUP(B65,計算用!$R:$R,計算用!$W:$W)} -> #NAME? | E65: {=_xludf.XLOOKUP(B65,計算用!$R:$R,計算用!$Y:$Y)} -> #NAME? | F65: {=_xludf.XLOOKUP(B65,計算用!$R:$R,計算用!$X:$X)} -> #NAME? | G65: {=_xludf.XLOOKUP(B57,DB!$A:$A,DB!$BH:$BH)} -> #NAME? | H65: {=_xludf.XLOOKUP(B57,DB!$A:$A,DB!$BI:$BI)} -> #NAME? | I65: {=_xludf.XLOOKUP(B57,DB!$A:$A,DB!$BJ:$BJ)} -> #NAME? | J65: {=IF(_xludf.IFNA(I65=0,TRUE),_xludf.XLOOKUP(B57-7,DB!$A:$A,DB!$BE:$BE),計算用!$C$4)} -> #NAME? | K65: 廃城跡入り口 | L65: {=_xludf.XLOOKUP(K65,計算用!$R$2:$R$36,計算用!$S$2:$S$36)<>19} -> #NAME? | M65: {=_xludf.XLOOKUP(K65,計算用!$R:$R,計算用!$W:$W)} -> #NAME? | N65: {=_xludf.XLOOKUP(K65,計算用!$R:$R,計算用!$Y:$Y)} -> #NAME? | O65: {=_xludf.XLOOKUP(K65,計算用!$R:$R,計算用!$X:$X)} -> #NAME? | P65: {=_xludf.XLOOKUP(K57,DB!$A:$A,DB!$BH:$BH)} -> #NAME? | Q65: {=_xludf.XLOOKUP(K57,DB!$A:$A,DB!$BI:$BI)} -> #NAME? | R65: {=_xludf.XLOOKUP(K57,DB!$A:$A,DB!$BJ:$BJ)} -> #NAME? | S65: {=IF(_xludf.IFNA(R65=0,TRUE),_xludf.XLOOKUP(K57-7,DB!$A:$A,DB!$BE:$BE),計算用!$C$4)} -> #NAME? | T65: ブレディー砦 | U65: {=_xludf.XLOOKUP(T65,計算用!$R$2:$R$36,計算用!$S$2:$S$36)<>19} -> #NAME? | V65: {=_xludf.XLOOKUP(T65,計算用!$R:$R,計算用!$W:$W)} -> #NAME? | W65: {=_xludf.XLOOKUP(T65,計算用!$R:$R,計算用!$Y:$Y)} -> #NAME? | X65: {=_xludf.XLOOKUP(T65,計算用!$R:$R,計算用!$X:$X)} -> #NAME? | Y65: {=_xludf.XLOOKUP(T57,DB!$A:$A,DB!$BH:$BH)} -> #NAME? | Z65: {=_xludf.XLOOKUP(T57,DB!$A:$A,DB!$BI:$BI)} -> #NAME? | AA65: {=_xludf.XLOOKUP(T57,DB!$A:$A,DB!$BJ:$BJ)} -> #NAME? | AB65: {=IF(_xludf.IFNA(AA65=0,TRUE),_xludf.XLOOKUP(T57-7,DB!$A:$A,DB!$BE:$BE),計算用!$C$4)} -> #NAME? | AC65: ブリの森 | AD65: {=_xludf.XLOOKUP(AC65,計算用!$R$2:$R$36,計算用!$S$2:$S$36)<>19} -> #NAME? | AE65: {=_xludf.XLOOKUP(AC65,計算用!$R:$R,計算用!$W:$W)} -> #NAME? | AF65: {=_xludf.XLOOKUP(AC65,計算用!$R:$R,計算用!$Y:$Y)} -> #NAME? | AG65: {=_xludf.XLOOKUP(AC65,計算用!$R:$R,計算用!$X:$X)} -> #NAME? | AH65: {=_xludf.XLOOKUP(AC57,DB!$A:$A,DB!$BH:$BH)} -> #NAME? | AI65: {=_xludf.XLOOKUP(AC57,DB!$A:$A,DB!$BI:$BI)} -> #NAME? | AJ65: {=_xludf.XLOOKUP(AC57,DB!$A:$A,DB!$BJ:$BJ)} -> #NAME? | AK65: {=IF(_xludf.IFNA(AJ65=0,TRUE),_xludf.XLOOKUP(AC57-7,DB!$A:$A,DB!$BE:$BE),計算用!$C$4)} -> #NAME?
B66: ベア川下流 | C66: {=_xludf.XLOOKUP(B66,計算用!$R$2:$R$36,計算用!$S$2:$S$36)<>19} -> #NAME? | D66: {=_xludf.XLOOKUP(B66,計算用!$R:$R,計算用!$W:$W)} -> #NAME? | E66: {=_xludf.XLOOKUP(B66,計算用!$R:$R,計算用!$Y:$Y)} -> #NAME? | F66: {=_xludf.XLOOKUP(B66,計算用!$R:$R,計算用!$X:$X)} -> #NAME? | G66: {=_xludf.XLOOKUP(B57,DB!$A:$A,DB!$BP:$BP)} -> #NAME? | H66: {=_xludf.XLOOKUP(B57,DB!$A:$A,DB!$BQ:$BQ)} -> #NAME? | I66: {=_xludf.XLOOKUP(B57,DB!$A:$A,DB!$BR:$BR)} -> #NAME? | J66: {=IF(_xludf.IFNA(I66=0,TRUE),_xludf.XLOOKUP(B57-7,DB!$A:$A,DB!$BM:$BM),計算用!$C$4)} -> #NAME? | K66: カイア渡し場 | L66: {=_xludf.XLOOKUP(K66,計算用!$R$2:$R$36,計算用!$S$2:$S$36)<>19} -> #NAME? | M66: {=_xludf.XLOOKUP(K66,計算用!$R:$R,計算用!$W:$W)} -> #NAME? | N66: {=_xludf.XLOOKUP(K66,計算用!$R:$R,計算用!$Y:$Y)} -> #NAME? | O66: {=_xludf.XLOOKUP(K66,計算用!$R:$R,計算用!$X:$X)} -> #NAME? | P66: {=_xludf.XLOOKUP(K57,DB!$A:$A,DB!$BP:$BP)} -> #NAME? | Q66: {=_xludf.XLOOKUP(K57,DB!$A:$A,DB!$BQ:$BQ)} -> #NAME? | R66: {=_xludf.XLOOKUP(K57,DB!$A:$A,DB!$BR:$BR)} -> #NAME? | S66: {=IF(_xludf.IFNA(R66=0,TRUE),_xludf.XLOOKUP(K57-7,DB!$A:$A,DB!$BM:$BM),計算用!$C$4)} -> #NAME? | T66: エントの森 | U66: {=_xludf.XLOOKUP(T66,計算用!$R$2:$R$36,計算用!$S$2:$S$36)<>19} -> #NAME? | V66: {=_xludf.XLOOKUP(T66,計算用!$R:$R,計算用!$W:$W)} -> #NAME? | W66: {=_xludf.XLOOKUP(T66,計算用!$R:$R,計算用!$Y:$Y)} -> #NAME? | X66: {=_xludf.XLOOKUP(T66,計算用!$R:$R,計算用!$X:$X)} -> #NAME? | Y66: {=_xludf.XLOOKUP(T57,DB!$A:$A,DB!$BP:$BP)} -> #NAME? | Z66: {=_xludf.XLOOKUP(T57,DB!$A:$A,DB!$BQ:$BQ)} -> #NAME? | AA66: {=_xludf.XLOOKUP(T57,DB!$A:$A,DB!$BR:$BR)} -> #NAME? | AB66: {=IF(_xludf.IFNA(AA66=0,TRUE),_xludf.XLOOKUP(T57-7,DB!$A:$A,DB!$BM:$BM),計算用!$C$4)} -> #NAME? | AC66: マンシャの森の奥 | AD66: {=_xludf.XLOOKUP(AC66,計算用!$R$2:$R$36,計算用!$S$2:$S$36)<>19} -> #NAME? | AE66: {=_xludf.XLOOKUP(AC66,計算用!$R:$R,計算用!$W:$W)} -> #NAME? | AF66: {=_xludf.XLOOKUP(AC66,計算用!$R:$R,計算用!$Y:$Y)} -> #NAME? | AG66: {=_xludf.XLOOKUP(AC66,計算用!$R:$R,計算用!$X:$X)} -> #NAME? | AH66: {=_xludf.XLOOKUP(AC57,DB!$A:$A,DB!$BP:$BP)} -> #NAME? | AI66: {=_xludf.XLOOKUP(AC57,DB!$A:$A,DB!$BQ:$BQ)} -> #NAME? | AJ66: {=_xludf.XLOOKUP(AC57,DB!$A:$A,DB!$BR:$BR)} -> #NAME? | AK66: {=IF(_xludf.IFNA(AJ66=0,TRUE),_xludf.XLOOKUP(AC57-7,DB!$A:$A,DB!$BM:$BM),計算用!$C$4)} -> #NAME?
B67: アルティノ入り口 | C67: {=_xludf.XLOOKUP(B67,計算用!$R$2:$R$36,計算用!$S$2:$S$36)<>19} -> #NAME? | D67: {=_xludf.XLOOKUP(B67,計算用!$R:$R,計算用!$W:$W)} -> #NAME? | E67: {=_xludf.XLOOKUP(B67,計算用!$R:$R,計算用!$Y:$Y)} -> #NAME? | F67: {=_xludf.XLOOKUP(B67,計算用!$R:$R,計算用!$X:$X)} -> #NAME? | G67: {=_xludf.XLOOKUP(B57,DB!$A:$A,DB!$BX:$BX)} -> #NAME? | H67: {=_xludf.XLOOKUP(B57,DB!$A:$A,DB!$BY:$BY)} -> #NAME? | I67: {=_xludf.XLOOKUP(B57,DB!$A:$A,DB!$BZ:$BZ)} -> #NAME? | J67: {=IF(_xludf.IFNA(I67=0,TRUE),_xludf.XLOOKUP(B57-7,DB!$A:$A,DB!$BU:$BU),計算用!$C$4)} -> #NAME? | K67: カズラ農場 | L67: {=_xludf.XLOOKUP(K67,計算用!$R$2:$R$36,計算用!$S$2:$S$36)<>19} -> #NAME? | M67: {=_xludf.XLOOKUP(K67,計算用!$R:$R,計算用!$W:$W)} -> #NAME? | N67: {=_xludf.XLOOKUP(K67,計算用!$R:$R,計算用!$Y:$Y)} -> #NAME? | O67: {=_xludf.XLOOKUP(K67,計算用!$R:$R,計算用!$X:$X)} -> #NAME? | P67: {=_xludf.XLOOKUP(K57,DB!$A:$A,DB!$BX:$BX)} -> #NAME? | Q67: {=_xludf.XLOOKUP(K57,DB!$A:$A,DB!$BY:$BY)} -> #NAME? | R67: {=_xludf.XLOOKUP(K57,DB!$A:$A,DB!$BZ:$BZ)} -> #NAME? | S67: {=IF(_xludf.IFNA(R67=0,TRUE),_xludf.XLOOKUP(K57-7,DB!$A:$A,DB!$BU:$BU),計算用!$C$4)} -> #NAME? | T67: クリオ村 | U67: {=_xludf.XLOOKUP(T67,計算用!$R$2:$R$36,計算用!$S$2:$S$36)<>19} -> #NAME? | V67: {=_xludf.XLOOKUP(T67,計算用!$R:$R,計算用!$W:$W)} -> #NAME? | W67: {=_xludf.XLOOKUP(T67,計算用!$R:$R,計算用!$Y:$Y)} -> #NAME? | X67: {=_xludf.XLOOKUP(T67,計算用!$R:$R,計算用!$X:$X)} -> #NAME? | Y67: {=_xludf.XLOOKUP(T57,DB!$A:$A,DB!$BX:$BX)} -> #NAME? | Z67: {=_xludf.XLOOKUP(T57,DB!$A:$A,DB!$BY:$BY)} -> #NAME? | AA67: {=_xludf.XLOOKUP(T57,DB!$A:$A,DB!$BZ:$BZ)} -> #NAME? | AB67: {=IF(_xludf.IFNA(AA67=0,TRUE),_xludf.XLOOKUP(T57-7,DB!$A:$A,DB!$BU:$BU),計算用!$C$4)} -> #NAME? | AC67: 廃鉄鉱山採掘場 | AD67: {=_xludf.XLOOKUP(AC67,計算用!$R$2:$R$36,計算用!$S$2:$S$36)<>19} -> #NAME? | AE67: {=_xludf.XLOOKUP(AC67,計算用!$R:$R,計算用!$W:$W)} -> #NAME? | AF67: {=_xludf.XLOOKUP(AC67,計算用!$R:$R,計算用!$Y:$Y)} -> #NAME? | AG67: {=_xludf.XLOOKUP(AC67,計算用!$R:$R,計算用!$X:$X)} -> #NAME? | AH67: {=_xludf.XLOOKUP(AC57,DB!$A:$A,DB!$BX:$BX)} -> #NAME? | AI67: {=_xludf.XLOOKUP(AC57,DB!$A:$A,DB!$BY:$BY)} -> #NAME? | AJ67: {=_xludf.XLOOKUP(AC57,DB!$A:$A,DB!$BZ:$BZ)} -> #NAME? | AK67: {=IF(_xludf.IFNA(AJ67=0,TRUE),_xludf.XLOOKUP(AC57-7,DB!$A:$A,DB!$BU:$BU),計算用!$C$4)} -> #NAME?
B68: =B57+7 -> 45928 | C68: 22時 | D68: 城塞 | E68: 枠 | F68: 人数 | G68: 統一 | H68: 宴会 | I68: 税 | J68: 保有 | K68: =B68+1 -> 45929 | L68: 22時 | M68: 種別 | N68: 枠 | O68: 人数 | P68: 統一 | Q68: 宴会 | R68: 税 | S68: 保有 | T68: =K68+3 -> 45932 | U68: 22時 | V68: 種別 | W68: 枠 | X68: 人数 | Y68: 統一 | Z68: 宴会 | AA68: 税 | AB68: 保有 | AC68: =T68+1 -> 45933 | AD68: 22時 | AE68: 種別 | AF68: 枠 | AG68: 人数 | AH68: 統一 | AI68: 宴会 | AJ68: 税 | AK68: 保有
B69: デルニール農場 | C69: {=_xludf.XLOOKUP(B69,計算用!$R$2:$R$36,計算用!$S$2:$S$36)<>19} -> #NAME? | D69: {=_xludf.XLOOKUP(B69,計算用!$R:$R,計算用!$W:$W)} -> #NAME? | E69: {=_xludf.XLOOKUP(B69,計算用!$R:$R,計算用!$Y:$Y)} -> #NAME? | F69: {=_xludf.XLOOKUP(B69,計算用!$R:$R,計算用!$X:$X)} -> #NAME? | G69: - | H69: {=_xludf.XLOOKUP(B68,DB!$A:$A,DB!$F:$F)} -> #NAME? | I69: {=_xludf.XLOOKUP(B68,DB!$A:$A,DB!$G:$G)} -> #NAME? | J69: {=IF(_xludf.IFNA(I69=0,TRUE),_xludf.XLOOKUP(B68-7,DB!$A:$A,DB!$C:$C),計算用!$C$4)} -> #NAME? | K69: ルツム族駐屯地 | L69: {=_xludf.XLOOKUP(K69,計算用!$R$2:$R$36,計算用!$S$2:$S$36)<>19} -> #NAME? | M69: {=_xludf.XLOOKUP(K69,計算用!$R:$R,計算用!$W:$W)} -> #NAME? | N69: {=_xludf.XLOOKUP(K69,計算用!$R:$R,計算用!$Y:$Y)} -> #NAME? | O69: {=_xludf.XLOOKUP(K69,計算用!$R:$R,計算用!$X:$X)} -> #NAME? | P69: - | Q69: {=_xludf.XLOOKUP(K68,DB!$A:$A,DB!$F:$F)} -> #NAME? | R69: {=_xludf.XLOOKUP(K68,DB!$A:$A,DB!$G:$G)} -> #NAME? | S69: {=IF(_xludf.IFNA(R69=0,TRUE),_xludf.XLOOKUP(K68-7,DB!$A:$A,DB!$C:$C),計算用!$C$4)} -> #NAME? | T69: 北部大農場 | U69: {=_xludf.XLOOKUP(T69,計算用!$R$2:$R$36,計算用!$S$2:$S$36)<>19} -> #NAME? | V69: {=_xludf.XLOOKUP(T69,計算用!$R:$R,計算用!$W:$W)} -> #NAME? | W69: {=_xludf.XLOOKUP(T69,計算用!$R:$R,計算用!$Y:$Y)} -> #NAME? | X69: {=_xludf.XLOOKUP(T69,計算用!$R:$R,計算用!$X:$X)} -> #NAME? | Y69: - | Z69: {=_xludf.XLOOKUP(T68,DB!$A:$A,DB!$F:$F)} -> #NAME? | AA69: {=_xludf.XLOOKUP(T68,DB!$A:$A,DB!$G:$G)} -> #NAME? | AB69: {=IF(_xludf.IFNA(AA69=0,TRUE),_xludf.XLOOKUP(T68-7,DB!$A:$A,DB!$C:$C),計算用!$C$4)} -> #NAME? | AC69: アグリス祭壇 | AD69: {=_xludf.XLOOKUP(AC69,計算用!$R$2:$R$36,計算用!$S$2:$S$36)<>19} -> #NAME? | AE69: {=_xludf.XLOOKUP(AC69,計算用!$R:$R,計算用!$W:$W)} -> #NAME? | AF69: {=_xludf.XLOOKUP(AC69,計算用!$R:$R,計算用!$Y:$Y)} -> #NAME? | AG69: {=_xludf.XLOOKUP(AC69,計算用!$R:$R,計算用!$X:$X)} -> #NAME? | AH69: - | AI69: {=_xludf.XLOOKUP(AC68,DB!$A:$A,DB!$F:$F)} -> #NAME? | AJ69: {=_xludf.XLOOKUP(AC68,DB!$A:$A,DB!$G:$G)} -> #NAME? | AK69: {=IF(_xludf.IFNA(AJ69=0,TRUE),_xludf.XLOOKUP(AC68-7,DB!$A:$A,DB!$C:$C),計算用!$C$4)} -> #NAME?
J70: {=IF(_xludf.IFNA(I70=0,TRUE),_xludf.XLOOKUP(B68-7,DB!$A:$A,DB!$J:$J),計算用!$C$4)} -> #NAME? | K70: アト農場 | L70: {=_xludf.XLOOKUP(K70,計算用!$R$2:$R$36,計算用!$S$2:$S$36)<>19} -> #NAME? | M70: {=_xludf.XLOOKUP(K70,計算用!$R:$R,計算用!$W:$W)} -> #NAME? | N70: {=_xludf.XLOOKUP(K70,計算用!$R:$R,計算用!$Y:$Y)} -> #NAME? | O70: {=_xludf.XLOOKUP(K70,計算用!$R:$R,計算用!$X:$X)} -> #NAME? | P70: - | Q70: {=_xludf.XLOOKUP(K68,DB!$A:$A,DB!$M:$M)} -> #NAME? | R70: {=_xludf.XLOOKUP(K68,DB!$A:$A,DB!$N:$N)} -> #NAME? | S70: {=IF(_xludf.IFNA(R70=0,TRUE),_xludf.XLOOKUP(K68-7,DB!$A:$A,DB!$J:$J),計算用!$C$4)} -> #NAME?
B71: 略奪の森 | C71: {=_xludf.XLOOKUP(B71,計算用!$R$2:$R$36,計算用!$S$2:$S$36)<>19} -> #NAME? | D71: {=_xludf.XLOOKUP(B71,計算用!$R:$R,計算用!$W:$W)} -> #NAME? | E71: {=_xludf.XLOOKUP(B71,計算用!$R:$R,計算用!$Y:$Y)} -> #NAME? | F71: {=_xludf.XLOOKUP(B71,計算用!$R:$R,計算用!$X:$X)} -> #NAME? | G71: {=_xludf.XLOOKUP(B68,DB!$A:$A,DB!$T:$T)} -> #NAME? | H71: {=_xludf.XLOOKUP(B68,DB!$A:$A,DB!$U:$U)} -> #NAME? | I71: {=_xludf.XLOOKUP(B68,DB!$A:$A,DB!$V:$V)} -> #NAME? | J71: {=IF(_xludf.IFNA(I71=0,TRUE),_xludf.XLOOKUP(B68-7,DB!$A:$A,DB!$Q:$Q),計算用!$C$4)} -> #NAME? | K71: ベリア農場地帯 | L71: {=_xludf.XLOOKUP(K71,計算用!$R$2:$R$36,計算用!$S$2:$S$36)<>19} -> #NAME? | M71: {=_xludf.XLOOKUP(K71,計算用!$R:$R,計算用!$W:$W)} -> #NAME? | N71: {=_xludf.XLOOKUP(K71,計算用!$R:$R,計算用!$Y:$Y)} -> #NAME? | O71: {=_xludf.XLOOKUP(K71,計算用!$R:$R,計算用!$X:$X)} -> #NAME? | P71: {=_xludf.XLOOKUP(K68,DB!$A:$A,DB!$T:$T)} -> #NAME? | Q71: {=_xludf.XLOOKUP(K68,DB!$A:$A,DB!$U:$U)} -> #NAME? | R71: {=_xludf.XLOOKUP(K68,DB!$A:$A,DB!$V:$V)} -> #NAME? | S71: {=IF(_xludf.IFNA(R71=0,TRUE),_xludf.XLOOKUP(K68-7,DB!$A:$A,DB!$Q:$Q),計算用!$C$4)} -> #NAME? | T71: トロル防御基地 | U71: {=_xludf.XLOOKUP(T71,計算用!$R$2:$R$36,計算用!$S$2:$S$36)<>19} -> #NAME? | V71: {=_xludf.XLOOKUP(T71,計算用!$R:$R,計算用!$W:$W)} -> #NAME? | W71: {=_xludf.XLOOKUP(T71,計算用!$R:$R,計算用!$Y:$Y)} -> #NAME? | X71: {=_xludf.XLOOKUP(T71,計算用!$R:$R,計算用!$X:$X)} -> #NAME? | Y71: {=_xludf.XLOOKUP(T68,DB!$A:$A,DB!$T:$T)} -> #NAME? | Z71: {=_xludf.XLOOKUP(T68,DB!$A:$A,DB!$U:$U)} -> #NAME? | AA71: {=_xludf.XLOOKUP(T68,DB!$A:$A,DB!$V:$V)} -> #NAME? | AB71: {=IF(_xludf.IFNA(AA71=0,TRUE),_xludf.XLOOKUP(T68-7,DB!$A:$A,DB!$Q:$Q),計算用!$C$4)} -> #NAME? | AC71: ナーガ抽出場 | AD71: {=_xludf.XLOOKUP(AC71,計算用!$R$2:$R$36,計算用!$S$2:$S$36)<>19} -> #NAME? | AE71: {=_xludf.XLOOKUP(AC71,計算用!$R:$R,計算用!$W:$W)} -> #NAME? | AF71: {=_xludf.XLOOKUP(AC71,計算用!$R:$R,計算用!$Y:$Y)} -> #NAME? | AG71: {=_xludf.XLOOKUP(AC71,計算用!$R:$R,計算用!$X:$X)} -> #NAME? | AH71: {=_xludf.XLOOKUP(AC68,DB!$A:$A,DB!$T:$T)} -> #NAME? | AI71: {=_xludf.XLOOKUP(AC68,DB!$A:$A,DB!$U:$U)} -> #NAME? | AJ71: {=_xludf.XLOOKUP(AC68,DB!$A:$A,DB!$V:$V)} -> #NAME? | AK71: {=IF(_xludf.IFNA(AJ71=0,TRUE),_xludf.XLOOKUP(AC68-7,DB!$A:$A,DB!$Q:$Q),計算用!$C$4)} -> #NAME?
B72: 忘却の地 | C72: {=_xludf.XLOOKUP(B72,計算用!$R$2:$R$36,計算用!$S$2:$S$36)<>19} -> #NAME? | D72: {=_xludf.XLOOKUP(B72,計算用!$R:$R,計算用!$W:$W)} -> #NAME? | E72: {=_xludf.XLOOKUP(B72,計算用!$R:$R,計算用!$Y:$Y)} -> #NAME? | F72: {=_xludf.XLOOKUP(B72,計算用!$R:$R,計算用!$X:$X)} -> #NAME? | G72: {=_xludf.XLOOKUP(B68,DB!$A:$A,DB!$AB:$AB)} -> #NAME? | H72: {=_xludf.XLOOKUP(B68,DB!$A:$A,DB!$AC:$AC)} -> #NAME? | I72: {=_xludf.XLOOKUP(B68,DB!$A:$A,DB!$AD:$AD)} -> #NAME? | J72: {=IF(_xludf.IFNA(I72=0,TRUE),_xludf.XLOOKUP(B68-7,DB!$A:$A,DB!$Y:$Y),計算用!$C$4)} -> #NAME? | K72: ギュントの丘 | L72: {=_xludf.XLOOKUP(K72,計算用!$R$2:$R$36,計算用!$S$2:$S$36)<>19} -> #NAME? | M72: {=_xludf.XLOOKUP(K72,計算用!$R:$R,計算用!$W:$W)} -> #NAME? | N72: {=_xludf.XLOOKUP(K72,計算用!$R:$R,計算用!$Y:$Y)} -> #NAME? | O72: {=_xludf.XLOOKUP(K72,計算用!$R:$R,計算用!$X:$X)} -> #NAME? | P72: {=_xludf.XLOOKUP(K68,DB!$A:$A,DB!$AB:$AB)} -> #NAME? | Q72: {=_xludf.XLOOKUP(K68,DB!$A:$A,DB!$AC:$AC)} -> #NAME? | R72: {=_xludf.XLOOKUP(K68,DB!$A:$A,DB!$AD:$AD)} -> #NAME? | S72: {=IF(_xludf.IFNA(R72=0,TRUE),_xludf.XLOOKUP(K68-7,DB!$A:$A,DB!$Y:$Y),計算用!$C$4)} -> #NAME? | T72: 隠された修道院 | U72: {=_xludf.XLOOKUP(T72,計算用!$R$2:$R$36,計算用!$S$2:$S$36)<>19} -> #NAME? | V72: {=_xludf.XLOOKUP(T72,計算用!$R:$R,計算用!$W:$W)} -> #NAME? | W72: {=_xludf.XLOOKUP(T72,計算用!$R:$R,計算用!$Y:$Y)} -> #NAME? | X72: {=_xludf.XLOOKUP(T72,計算用!$R:$R,計算用!$X:$X)} -> #NAME? | Y72: {=_xludf.XLOOKUP(T68,DB!$A:$A,DB!$AB:$AB)} -> #NAME? | Z72: {=_xludf.XLOOKUP(T68,DB!$A:$A,DB!$AC:$AC)} -> #NAME? | AA72: {=_xludf.XLOOKUP(T68,DB!$A:$A,DB!$AD:$AD)} -> #NAME? | AB72: {=IF(_xludf.IFNA(AA72=0,TRUE),_xludf.XLOOKUP(T68-7,DB!$A:$A,DB!$Y:$Y),計算用!$C$4)} -> #NAME? | AC72: オークキャンプ | AD72: {=_xludf.XLOOKUP(AC72,計算用!$R$2:$R$36,計算用!$S$2:$S$36)<>19} -> #NAME? | AE72: {=_xludf.XLOOKUP(AC72,計算用!$R:$R,計算用!$W:$W)} -> #NAME? | AF72: {=_xludf.XLOOKUP(AC72,計算用!$R:$R,計算用!$Y:$Y)} -> #NAME? | AG72: {=_xludf.XLOOKUP(AC72,計算用!$R:$R,計算用!$X:$X)} -> #NAME? | AH72: {=_xludf.XLOOKUP(AC68,DB!$A:$A,DB!$AB:$AB)} -> #NAME? | AI72: {=_xludf.XLOOKUP(AC68,DB!$A:$A,DB!$AC:$AC)} -> #NAME? | AJ72: {=_xludf.XLOOKUP(AC68,DB!$A:$A,DB!$AD:$AD)} -> #NAME? | AK72: {=IF(_xludf.IFNA(AJ72=0,TRUE),_xludf.XLOOKUP(AC68-7,DB!$A:$A,DB!$Y:$Y),計算用!$C$4)} -> #NAME?
J73: {=IF(_xludf.IFNA(I73=0,TRUE),_xludf.XLOOKUP(B68-7,DB!$A:$A,DB!$AG:$AG),計算用!$C$4)} -> #NAME? | K73: 高原地帯 | L73: {=_xludf.XLOOKUP(K73,計算用!$R$2:$R$36,計算用!$S$2:$S$36)<>19} -> #NAME? | M73: {=_xludf.XLOOKUP(K73,計算用!$R:$R,計算用!$W:$W)} -> #NAME? | N73: {=_xludf.XLOOKUP(K73,計算用!$R:$R,計算用!$Y:$Y)} -> #NAME? | O73: {=_xludf.XLOOKUP(K73,計算用!$R:$R,計算用!$X:$X)} -> #NAME? | P73: {=_xludf.XLOOKUP(K68,DB!$A:$A,DB!$AJ:$AJ)} -> #NAME? | Q73: {=_xludf.XLOOKUP(K68,DB!$A:$A,DB!$AK:$AK)} -> #NAME? | R73: {=_xludf.XLOOKUP(K68,DB!$A:$A,DB!$AL:$AL)} -> #NAME? | S73: {=IF(_xludf.IFNA(R73=0,TRUE),_xludf.XLOOKUP(K68-7,DB!$A:$A,DB!$AG:$AG),計算用!$C$4)} -> #NAME? | T73: マルニの第2実験場 | U73: {=_xludf.XLOOKUP(T73,計算用!$R$2:$R$36,計算用!$S$2:$S$36)<>19} -> #NAME? | V73: {=_xludf.XLOOKUP(T73,計算用!$R:$R,計算用!$W:$W)} -> #NAME? | W73: {=_xludf.XLOOKUP(T73,計算用!$R:$R,計算用!$Y:$Y)} -> #NAME? | X73: {=_xludf.XLOOKUP(T73,計算用!$R:$R,計算用!$X:$X)} -> #NAME? | Y73: {=_xludf.XLOOKUP(T68,DB!$A:$A,DB!$AJ:$AJ)} -> #NAME? | Z73: {=_xludf.XLOOKUP(T68,DB!$A:$A,DB!$AK:$AK)} -> #NAME? | AA73: {=_xludf.XLOOKUP(T68,DB!$A:$A,DB!$AL:$AL)} -> #NAME? | AB73: {=IF(_xludf.IFNA(AA73=0,TRUE),_xludf.XLOOKUP(T68-7,DB!$A:$A,DB!$AG:$AG),計算用!$C$4)} -> #NAME?
B74: ナーガ沼地 | C74: {=_xludf.XLOOKUP(B74,計算用!$R$2:$R$36,計算用!$S$2:$S$36)<>19} -> #NAME? | D74: {=_xludf.XLOOKUP(B74,計算用!$R:$R,計算用!$W:$W)} -> #NAME? | E74: {=_xludf.XLOOKUP(B74,計算用!$R:$R,計算用!$Y:$Y)} -> #NAME? | F74: {=_xludf.XLOOKUP(B74,計算用!$R:$R,計算用!$X:$X)} -> #NAME? | G74: {=_xludf.XLOOKUP(B68,DB!$A:$A,DB!$AR:$AR)} -> #NAME? | H74: {=_xludf.XLOOKUP(B68,DB!$A:$A,DB!$AS:$AS)} -> #NAME? | I74: {=_xludf.XLOOKUP(B68,DB!$A:$A,DB!$AT:$AT)} -> #NAME? | J74: {=IF(_xludf.IFNA(I74=0,TRUE),_xludf.XLOOKUP(B68-7,DB!$A:$A,DB!$AO:$AO),計算用!$C$4)} -> #NAME? | K74: 隠遁の森 | L74: {=_xludf.XLOOKUP(K74,計算用!$R$2:$R$36,計算用!$S$2:$S$36)<>19} -> #NAME? | M74: {=_xludf.XLOOKUP(K74,計算用!$R:$R,計算用!$W:$W)} -> #NAME? | N74: {=_xludf.XLOOKUP(K74,計算用!$R:$R,計算用!$Y:$Y)} -> #NAME? | O74: {=_xludf.XLOOKUP(K74,計算用!$R:$R,計算用!$X:$X)} -> #NAME? | P74: {=_xludf.XLOOKUP(K68,DB!$A:$A,DB!$AR:$AR)} -> #NAME? | Q74: {=_xludf.XLOOKUP(K68,DB!$A:$A,DB!$AS:$AS)} -> #NAME? | R74: {=_xludf.XLOOKUP(K68,DB!$A:$A,DB!$AT:$AT)} -> #NAME? | S74: {=IF(_xludf.IFNA(R74=0,TRUE),_xludf.XLOOKUP(K68-7,DB!$A:$A,DB!$AO:$AO),計算用!$C$4)} -> #NAME? | T74: アグリス平原 | U74: {=_xludf.XLOOKUP(T74,計算用!$R$2:$R$36,計算用!$S$2:$S$36)<>19} -> #NAME? | V74: {=_xludf.XLOOKUP(T74,計算用!$R:$R,計算用!$W:$W)} -> #NAME? | W74: {=_xludf.XLOOKUP(T74,計算用!$R:$R,計算用!$Y:$Y)} -> #NAME? | X74: {=_xludf.XLOOKUP(T74,計算用!$R:$R,計算用!$X:$X)} -> #NAME? | Y74: {=_xludf.XLOOKUP(T68,DB!$A:$A,DB!$AR:$AR)} -> #NAME? | Z74: {=_xludf.XLOOKUP(T68,DB!$A:$A,DB!$AS:$AS)} -> #NAME? | AA74: {=_xludf.XLOOKUP(T68,DB!$A:$A,DB!$AT:$AT)} -> #NAME? | AB74: {=IF(_xludf.IFNA(AA74=0,TRUE),_xludf.XLOOKUP(T68-7,DB!$A:$A,DB!$AO:$AO),計算用!$C$4)} -> #NAME? | AC74: 北部採石場 | AD74: {=_xludf.XLOOKUP(AC74,計算用!$R$2:$R$36,計算用!$S$2:$S$36)<>19} -> #NAME? | AE74: {=_xludf.XLOOKUP(AC74,計算用!$R:$R,計算用!$W:$W)} -> #NAME? | AF74: {=_xludf.XLOOKUP(AC74,計算用!$R:$R,計算用!$Y:$Y)} -> #NAME? | AG74: {=_xludf.XLOOKUP(AC74,計算用!$R:$R,計算用!$X:$X)} -> #NAME? | AH74: {=_xludf.XLOOKUP(AC68,DB!$A:$A,DB!$AR:$AR)} -> #NAME? | AI74: {=_xludf.XLOOKUP(AC68,DB!$A:$A,DB!$AS:$AS)} -> #NAME? | AJ74: {=_xludf.XLOOKUP(AC68,DB!$A:$A,DB!$AT:$AT)} -> #NAME? | AK74: {=IF(_xludf.IFNA(AJ74=0,TRUE),_xludf.XLOOKUP(AC68-7,DB!$A:$A,DB!$AO:$AO),計算用!$C$4)} -> #NAME?
B75: 旧ダンデリオン | C75: {=_xludf.XLOOKUP(B75,計算用!$R$2:$R$36,計算用!$S$2:$S$36)<>19} -> #NAME? | D75: {=_xludf.XLOOKUP(B75,計算用!$R:$R,計算用!$W:$W)} -> #NAME? | E75: {=_xludf.XLOOKUP(B75,計算用!$R:$R,計算用!$Y:$Y)} -> #NAME? | F75: {=_xludf.XLOOKUP(B75,計算用!$R:$R,計算用!$X:$X)} -> #NAME? | G75: {=_xludf.XLOOKUP(B68,DB!$A:$A,DB!$AZ:$AZ)} -> #NAME? | H75: {=_xludf.XLOOKUP(B68,DB!$A:$A,DB!$BA:$BA)} -> #NAME? | I75: {=_xludf.XLOOKUP(B68,DB!$A:$A,DB!$BB:$BB)} -> #NAME? | J75: {=IF(_xludf.IFNA(I75=0,TRUE),_xludf.XLOOKUP(B68-7,DB!$A:$A,DB!$AW:$AW),計算用!$C$4)} -> #NAME? | K75: エワズの丘 | L75: {=_xludf.XLOOKUP(K75,計算用!$R$2:$R$36,計算用!$S$2:$S$36)<>19} -> #NAME? | M75: {=_xludf.XLOOKUP(K75,計算用!$R:$R,計算用!$W:$W)} -> #NAME? | N75: {=_xludf.XLOOKUP(K75,計算用!$R:$R,計算用!$Y:$Y)} -> #NAME? | O75: {=_xludf.XLOOKUP(K75,計算用!$R:$R,計算用!$X:$X)} -> #NAME? | P75: {=_xludf.XLOOKUP(K68,DB!$A:$A,DB!$AZ:$AZ)} -> #NAME? | Q75: {=_xludf.XLOOKUP(K68,DB!$A:$A,DB!$BA:$BA)} -> #NAME? | R75: {=_xludf.XLOOKUP(K68,DB!$A:$A,DB!$BB:$BB)} -> #NAME? | S75: {=IF(_xludf.IFNA(R75=0,TRUE),_xludf.XLOOKUP(K68-7,DB!$A:$A,DB!$AW:$AW),計算用!$C$4)} -> #NAME? | T75: リンチ農場廃墟 | U75: {=_xludf.XLOOKUP(T75,計算用!$R$2:$R$36,計算用!$S$2:$S$36)<>19} -> #NAME? | V75: {=_xludf.XLOOKUP(T75,計算用!$R:$R,計算用!$W:$W)} -> #NAME? | W75: {=_xludf.XLOOKUP(T75,計算用!$R:$R,計算用!$Y:$Y)} -> #NAME? | X75: {=_xludf.XLOOKUP(T75,計算用!$R:$R,計算用!$X:$X)} -> #NAME? | Y75: {=_xludf.XLOOKUP(T68,DB!$A:$A,DB!$AZ:$AZ)} -> #NAME? | Z75: {=_xludf.XLOOKUP(T68,DB!$A:$A,DB!$BA:$BA)} -> #NAME? | AA75: {=_xludf.XLOOKUP(T68,DB!$A:$A,DB!$BB:$BB)} -> #NAME? | AB75: {=IF(_xludf.IFNA(AA75=0,TRUE),_xludf.XLOOKUP(T68-7,DB!$A:$A,DB!$AW:$AW),計算用!$C$4)} -> #NAME? | AC75: ハーピーの絶壁 | AD75: {=_xludf.XLOOKUP(AC75,計算用!$R$2:$R$36,計算用!$S$2:$S$36)<>19} -> #NAME? | AE75: {=_xludf.XLOOKUP(AC75,計算用!$R:$R,計算用!$W:$W)} -> #NAME? | AF75: {=_xludf.XLOOKUP(AC75,計算用!$R:$R,計算用!$Y:$Y)} -> #NAME? | AG75: {=_xludf.XLOOKUP(AC75,計算用!$R:$R,計算用!$X:$X)} -> #NAME? | AH75: {=_xludf.XLOOKUP(AC68,DB!$A:$A,DB!$AZ:$AZ)} -> #NAME? | AI75: {=_xludf.XLOOKUP(AC68,DB!$A:$A,DB!$BA:$BA)} -> #NAME? | AJ75: {=_xludf.XLOOKUP(AC68,DB!$A:$A,DB!$BB:$BB)} -> #NAME? | AK75: {=IF(_xludf.IFNA(AJ75=0,TRUE),_xludf.XLOOKUP(AC68-7,DB!$A:$A,DB!$AW:$AW),計算用!$C$4)} -> #NAME?
B76: 捨てられた地 | C76: {=_xludf.XLOOKUP(B76,計算用!$R$2:$R$36,計算用!$S$2:$S$36)<>19} -> #NAME? | D76: {=_xludf.XLOOKUP(B76,計算用!$R:$R,計算用!$W:$W)} -> #NAME? | E76: {=_xludf.XLOOKUP(B76,計算用!$R:$R,計算用!$Y:$Y)} -> #NAME? | F76: {=_xludf.XLOOKUP(B76,計算用!$R:$R,計算用!$X:$X)} -> #NAME? | G76: {=_xludf.XLOOKUP(B68,DB!$A:$A,DB!$BH:$BH)} -> #NAME? | H76: {=_xludf.XLOOKUP(B68,DB!$A:$A,DB!$BI:$BI)} -> #NAME? | I76: {=_xludf.XLOOKUP(B68,DB!$A:$A,DB!$BJ:$BJ)} -> #NAME? | J76: {=IF(_xludf.IFNA(I76=0,TRUE),_xludf.XLOOKUP(B68-7,DB!$A:$A,DB!$BE:$BE),計算用!$C$4)} -> #NAME? | K76: 廃城跡入り口 | L76: {=_xludf.XLOOKUP(K76,計算用!$R$2:$R$36,計算用!$S$2:$S$36)<>19} -> #NAME? | M76: {=_xludf.XLOOKUP(K76,計算用!$R:$R,計算用!$W:$W)} -> #NAME? | N76: {=_xludf.XLOOKUP(K76,計算用!$R:$R,計算用!$Y:$Y)} -> #NAME? | O76: {=_xludf.XLOOKUP(K76,計算用!$R:$R,計算用!$X:$X)} -> #NAME? | P76: {=_xludf.XLOOKUP(K68,DB!$A:$A,DB!$BH:$BH)} -> #NAME? | Q76: {=_xludf.XLOOKUP(K68,DB!$A:$A,DB!$BI:$BI)} -> #NAME? | R76: {=_xludf.XLOOKUP(K68,DB!$A:$A,DB!$BJ:$BJ)} -> #NAME? | S76: {=IF(_xludf.IFNA(R76=0,TRUE),_xludf.XLOOKUP(K68-7,DB!$A:$A,DB!$BE:$BE),計算用!$C$4)} -> #NAME? | T76: ブレディー砦 | U76: {=_xludf.XLOOKUP(T76,計算用!$R$2:$R$36,計算用!$S$2:$S$36)<>19} -> #NAME? | V76: {=_xludf.XLOOKUP(T76,計算用!$R:$R,計算用!$W:$W)} -> #NAME? | W76: {=_xludf.XLOOKUP(T76,計算用!$R:$R,計算用!$Y:$Y)} -> #NAME? | X76: {=_xludf.XLOOKUP(T76,計算用!$R:$R,計算用!$X:$X)} -> #NAME? | Y76: {=_xludf.XLOOKUP(T68,DB!$A:$A,DB!$BH:$BH)} -> #NAME? | Z76: {=_xludf.XLOOKUP(T68,DB!$A:$A,DB!$BI:$BI)} -> #NAME? | AA76: {=_xludf.XLOOKUP(T68,DB!$A:$A,DB!$BJ:$BJ)} -> #NAME? | AB76: {=IF(_xludf.IFNA(AA76=0,TRUE),_xludf.XLOOKUP(T68-7,DB!$A:$A,DB!$BE:$BE),計算用!$C$4)} -> #NAME? | AC76: ブリの森 | AD76: {=_xludf.XLOOKUP(AC76,計算用!$R$2:$R$36,計算用!$S$2:$S$36)<>19} -> #NAME? | AE76: {=_xludf.XLOOKUP(AC76,計算用!$R:$R,計算用!$W:$W)} -> #NAME? | AF76: {=_xludf.XLOOKUP(AC76,計算用!$R:$R,計算用!$Y:$Y)} -> #NAME? | AG76: {=_xludf.XLOOKUP(AC76,計算用!$R:$R,計算用!$X:$X)} -> #NAME? | AH76: {=_xludf.XLOOKUP(AC68,DB!$A:$A,DB!$BH:$BH)} -> #NAME? | AI76: {=_xludf.XLOOKUP(AC68,DB!$A:$A,DB!$BI:$BI)} -> #NAME? | AJ76: {=_xludf.XLOOKUP(AC68,DB!$A:$A,DB!$BJ:$BJ)} -> #NAME? | AK76: {=IF(_xludf.IFNA(AJ76=0,TRUE),_xludf.XLOOKUP(AC68-7,DB!$A:$A,DB!$BE:$BE),計算用!$C$4)} -> #NAME?
B77: ベア川下流 | C77: {=_xludf.XLOOKUP(B77,計算用!$R$2:$R$36,計算用!$S$2:$S$36)<>19} -> #NAME? | D77: {=_xludf.XLOOKUP(B77,計算用!$R:$R,計算用!$W:$W)} -> #NAME? | E77: {=_xludf.XLOOKUP(B77,計算用!$R:$R,計算用!$Y:$Y)} -> #NAME? | F77: {=_xludf.XLOOKUP(B77,計算用!$R:$R,計算用!$X:$X)} -> #NAME? | G77: {=_xludf.XLOOKUP(B68,DB!$A:$A,DB!$BP:$BP)} -> #NAME? | H77: {=_xludf.XLOOKUP(B68,DB!$A:$A,DB!$BQ:$BQ)} -> #NAME? | I77: {=_xludf.XLOOKUP(B68,DB!$A:$A,DB!$BR:$BR)} -> #NAME? | J77: {=IF(_xludf.IFNA(I77=0,TRUE),_xludf.XLOOKUP(B68-7,DB!$A:$A,DB!$BM:$BM),計算用!$C$4)} -> #NAME? | K77: カイア渡し場 | L77: {=_xludf.XLOOKUP(K77,計算用!$R$2:$R$36,計算用!$S$2:$S$36)<>19} -> #NAME? | M77: {=_xludf.XLOOKUP(K77,計算用!$R:$R,計算用!$W:$W)} -> #NAME? | N77: {=_xludf.XLOOKUP(K77,計算用!$R:$R,計算用!$Y:$Y)} -> #NAME? | O77: {=_xludf.XLOOKUP(K77,計算用!$R:$R,計算用!$X:$X)} -> #NAME? | P77: {=_xludf.XLOOKUP(K68,DB!$A:$A,DB!$BP:$BP)} -> #NAME? | Q77: {=_xludf.XLOOKUP(K68,DB!$A:$A,DB!$BQ:$BQ)} -> #NAME? | R77: {=_xludf.XLOOKUP(K68,DB!$A:$A,DB!$BR:$BR)} -> #NAME? | S77: {=IF(_xludf.IFNA(R77=0,TRUE),_xludf.XLOOKUP(K68-7,DB!$A:$A,DB!$BM:$BM),計算用!$C$4)} -> #NAME? | T77: エントの森 | U77: {=_xludf.XLOOKUP(T77,計算用!$R$2:$R$36,計算用!$S$2:$S$36)<>19} -> #NAME? | V77: {=_xludf.XLOOKUP(T77,計算用!$R:$R,計算用!$W:$W)} -> #NAME? | W77: {=_xludf.XLOOKUP(T77,計算用!$R:$R,計算用!$Y:$Y)} -> #NAME? | X77: {=_xludf.XLOOKUP(T77,計算用!$R:$R,計算用!$X:$X)} -> #NAME? | Y77: {=_xludf.XLOOKUP(T68,DB!$A:$A,DB!$BP:$BP)} -> #NAME? | Z77: {=_xludf.XLOOKUP(T68,DB!$A:$A,DB!$BQ:$BQ)} -> #NAME? | AA77: {=_xludf.XLOOKUP(T68,DB!$A:$A,DB!$BR:$BR)} -> #NAME? | AB77: {=IF(_xludf.IFNA(AA77=0,TRUE),_xludf.XLOOKUP(T68-7,DB!$A:$A,DB!$BM:$BM),計算用!$C$4)} -> #NAME? | AC77: マンシャの森の奥 | AD77: {=_xludf.XLOOKUP(AC77,計算用!$R$2:$R$36,計算用!$S$2:$S$36)<>19} -> #NAME? | AE77: {=_xludf.XLOOKUP(AC77,計算用!$R:$R,計算用!$W:$W)} -> #NAME? | AF77: {=_xludf.XLOOKUP(AC77,計算用!$R:$R,計算用!$Y:$Y)} -> #NAME? | AG77: {=_xludf.XLOOKUP(AC77,計算用!$R:$R,計算用!$X:$X)} -> #NAME? | AH77: {=_xludf.XLOOKUP(AC68,DB!$A:$A,DB!$BP:$BP)} -> #NAME? | AI77: {=_xludf.XLOOKUP(AC68,DB!$A:$A,DB!$BQ:$BQ)} -> #NAME? | AJ77: {=_xludf.XLOOKUP(AC68,DB!$A:$A,DB!$BR:$BR)} -> #NAME? | AK77: {=IF(_xludf.IFNA(AJ77=0,TRUE),_xludf.XLOOKUP(AC68-7,DB!$A:$A,DB!$BM:$BM),計算用!$C$4)} -> #NAME?
B78: アルティノ入り口 | C78: {=_xludf.XLOOKUP(B78,計算用!$R$2:$R$36,計算用!$S$2:$S$36)<>19} -> #NAME? | D78: {=_xludf.XLOOKUP(B78,計算用!$R:$R,計算用!$W:$W)} -> #NAME? | E78: {=_xludf.XLOOKUP(B78,計算用!$R:$R,計算用!$Y:$Y)} -> #NAME? | F78: {=_xludf.XLOOKUP(B78,計算用!$R:$R,計算用!$X:$X)} -> #NAME? | G78: {=_xludf.XLOOKUP(B68,DB!$A:$A,DB!$BX:$BX)} -> #NAME? | H78: {=_xludf.XLOOKUP(B68,DB!$A:$A,DB!$BY:$BY)} -> #NAME? | I78: {=_xludf.XLOOKUP(B68,DB!$A:$A,DB!$BZ:$BZ)} -> #NAME? | J78: {=IF(_xludf.IFNA(I78=0,TRUE),_xludf.XLOOKUP(B68-7,DB!$A:$A,DB!$BU:$BU),計算用!$C$4)} -> #NAME? | K78: カズラ農場 | L78: {=_xludf.XLOOKUP(K78,計算用!$R$2:$R$36,計算用!$S$2:$S$36)<>19} -> #NAME? | M78: {=_xludf.XLOOKUP(K78,計算用!$R:$R,計算用!$W:$W)} -> #NAME? | N78: {=_xludf.XLOOKUP(K78,計算用!$R:$R,計算用!$Y:$Y)} -> #NAME? | O78: {=_xludf.XLOOKUP(K78,計算用!$R:$R,計算用!$X:$X)} -> #NAME? | P78: {=_xludf.XLOOKUP(K68,DB!$A:$A,DB!$BX:$BX)} -> #NAME? | Q78: {=_xludf.XLOOKUP(K68,DB!$A:$A,DB!$BY:$BY)} -> #NAME? | R78: {=_xludf.XLOOKUP(K68,DB!$A:$A,DB!$BZ:$BZ)} -> #NAME? | S78: {=IF(_xludf.IFNA(R78=0,TRUE),_xludf.XLOOKUP(K68-7,DB!$A:$A,DB!$BU:$BU),計算用!$C$4)} -> #NAME? | T78: クリオ村 | U78: {=_xludf.XLOOKUP(T78,計算用!$R$2:$R$36,計算用!$S$2:$S$36)<>19} -> #NAME? | V78: {=_xludf.XLOOKUP(T78,計算用!$R:$R,計算用!$W:$W)} -> #NAME? | W78: {=_xludf.XLOOKUP(T78,計算用!$R:$R,計算用!$Y:$Y)} -> #NAME? | X78: {=_xludf.XLOOKUP(T78,計算用!$R:$R,計算用!$X:$X)} -> #NAME? | Y78: {=_xludf.XLOOKUP(T68,DB!$A:$A,DB!$BX:$BX)} -> #NAME? | Z78: {=_xludf.XLOOKUP(T68,DB!$A:$A,DB!$BY:$BY)} -> #NAME? | AA78: {=_xludf.XLOOKUP(T68,DB!$A:$A,DB!$BZ:$BZ)} -> #NAME? | AB78: {=IF(_xludf.IFNA(AA78=0,TRUE),_xludf.XLOOKUP(T68-7,DB!$A:$A,DB!$BU:$BU),計算用!$C$4)} -> #NAME? | AC78: 廃鉄鉱山採掘場 | AD78: {=_xludf.XLOOKUP(AC78,計算用!$R$2:$R$36,計算用!$S$2:$S$36)<>19} -> #NAME? | AE78: {=_xludf.XLOOKUP(AC78,計算用!$R:$R,計算用!$W:$W)} -> #NAME? | AF78: {=_xludf.XLOOKUP(AC78,計算用!$R:$R,計算用!$Y:$Y)} -> #NAME? | AG78: {=_xludf.XLOOKUP(AC78,計算用!$R:$R,計算用!$X:$X)} -> #NAME? | AH78: {=_xludf.XLOOKUP(AC68,DB!$A:$A,DB!$BX:$BX)} -> #NAME? | AI78: {=_xludf.XLOOKUP(AC68,DB!$A:$A,DB!$BY:$BY)} -> #NAME? | AJ78: {=_xludf.XLOOKUP(AC68,DB!$A:$A,DB!$BZ:$BZ)} -> #NAME? | AK78: {=IF(_xludf.IFNA(AJ78=0,TRUE),_xludf.XLOOKUP(AC68-7,DB!$A:$A,DB!$BU:$BU),計算用!$C$4)} -> #NAME?
B79: =B68+7 -> 45935 | C79: 22時 | D79: 城塞 | E79: 枠 | F79: 人数 | G79: 統一 | H79: 宴会 | I79: 税 | J79: 保有 | K79: =B79+1 -> 45936 | L79: 22時 | M79: 種別 | N79: 枠 | O79: 人数 | P79: 統一 | Q79: 宴会 | R79: 税 | S79: 保有 | T79: =K79+3 -> 45939 | U79: 22時 | V79: 種別 | W79: 枠 | X79: 人数 | Y79: 統一 | Z79: 宴会 | AA79: 税 | AB79: 保有 | AC79: =T79+1 -> 45940 | AD79: 22時 | AE79: 種別 | AF79: 枠 | AG79: 人数 | AH79: 統一 | AI79: 宴会 | AJ79: 税 | AK79: 保有
B80: デルニール農場 | C80: {=_xludf.XLOOKUP(B80,計算用!$R$2:$R$36,計算用!$S$2:$S$36)<>19} -> #NAME? | D80: {=_xludf.XLOOKUP(B80,計算用!$R:$R,計算用!$W:$W)} -> #NAME? | E80: {=_xludf.XLOOKUP(B80,計算用!$R:$R,計算用!$Y:$Y)} -> #NAME? | F80: {=_xludf.XLOOKUP(B80,計算用!$R:$R,計算用!$X:$X)} -> #NAME? | G80: - | H80: {=_xludf.XLOOKUP(B79,DB!$A:$A,DB!$F:$F)} -> #NAME? | I80: {=_xludf.XLOOKUP(B79,DB!$A:$A,DB!$G:$G)} -> #NAME? | J80: {=IF(_xludf.IFNA(I80=0,TRUE),_xludf.XLOOKUP(B79-7,DB!$A:$A,DB!$C:$C),計算用!$C$4)} -> #NAME? | K80: ルツム族駐屯地 | L80: {=_xludf.XLOOKUP(K80,計算用!$R$2:$R$36,計算用!$S$2:$S$36)<>19} -> #NAME? | M80: {=_xludf.XLOOKUP(K80,計算用!$R:$R,計算用!$W:$W)} -> #NAME? | N80: {=_xludf.XLOOKUP(K80,計算用!$R:$R,計算用!$Y:$Y)} -> #NAME? | O80: {=_xludf.XLOOKUP(K80,計算用!$R:$R,計算用!$X:$X)} -> #NAME? | P80: - | Q80: {=_xludf.XLOOKUP(K79,DB!$A:$A,DB!$F:$F)} -> #NAME? | R80: {=_xludf.XLOOKUP(K79,DB!$A:$A,DB!$G:$G)} -> #NAME? | S80: {=IF(_xludf.IFNA(R80=0,TRUE),_xludf.XLOOKUP(K79-7,DB!$A:$A,DB!$C:$C),計算用!$C$4)} -> #NAME? | T80: 北部大農場 | U80: {=_xludf.XLOOKUP(T80,計算用!$R$2:$R$36,計算用!$S$2:$S$36)<>19} -> #NAME? | V80: {=_xludf.XLOOKUP(T80,計算用!$R:$R,計算用!$W:$W)} -> #NAME? | W80: {=_xludf.XLOOKUP(T80,計算用!$R:$R,計算用!$Y:$Y)} -> #NAME? | X80: {=_xludf.XLOOKUP(T80,計算用!$R:$R,計算用!$X:$X)} -> #NAME? | Y80: - | Z80: {=_xludf.XLOOKUP(T79,DB!$A:$A,DB!$F:$F)} -> #NAME? | AA80: {=_xludf.XLOOKUP(T79,DB!$A:$A,DB!$G:$G)} -> #NAME? | AB80: {=IF(_xludf.IFNA(AA80=0,TRUE),_xludf.XLOOKUP(T79-7,DB!$A:$A,DB!$C:$C),計算用!$C$4)} -> #NAME? | AC80: アグリス祭壇 | AD80: {=_xludf.XLOOKUP(AC80,計算用!$R$2:$R$36,計算用!$S$2:$S$36)<>19} -> #NAME? | AE80: {=_xludf.XLOOKUP(AC80,計算用!$R:$R,計算用!$W:$W)} -> #NAME? | AF80: {=_xludf.XLOOKUP(AC80,計算用!$R:$R,計算用!$Y:$Y)} -> #NAME? | AG80: {=_xludf.XLOOKUP(AC80,計算用!$R:$R,計算用!$X:$X)} -> #NAME? | AH80: - | AI80: {=_xludf.XLOOKUP(AC79,DB!$A:$A,DB!$F:$F)} -> #NAME? | AJ80: {=_xludf.XLOOKUP(AC79,DB!$A:$A,DB!$G:$G)} -> #NAME? | AK80: {=IF(_xludf.IFNA(AJ80=0,TRUE),_xludf.XLOOKUP(AC79-7,DB!$A:$A,DB!$C:$C),計算用!$C$4)} -> #NAME?
J81: {=IF(_xludf.IFNA(I81=0,TRUE),_xludf.XLOOKUP(B79-7,DB!$A:$A,DB!$J:$J),計算用!$C$4)} -> #NAME? | K81: アト農場 | L81: {=_xludf.XLOOKUP(K81,計算用!$R$2:$R$36,計算用!$S$2:$S$36)<>19} -> #NAME? | M81: {=_xludf.XLOOKUP(K81,計算用!$R:$R,計算用!$W:$W)} -> #NAME? | N81: {=_xludf.XLOOKUP(K81,計算用!$R:$R,計算用!$Y:$Y)} -> #NAME? | O81: {=_xludf.XLOOKUP(K81,計算用!$R:$R,計算用!$X:$X)} -> #NAME? | P81: - | Q81: {=_xludf.XLOOKUP(K79,DB!$A:$A,DB!$M:$M)} -> #NAME? | R81: {=_xludf.XLOOKUP(K79,DB!$A:$A,DB!$N:$N)} -> #NAME? | S81: {=IF(_xludf.IFNA(R81=0,TRUE),_xludf.XLOOKUP(K79-7,DB!$A:$A,DB!$J:$J),計算用!$C$4)} -> #NAME?
B82: 略奪の森 | C82: {=_xludf.XLOOKUP(B82,計算用!$R$2:$R$36,計算用!$S$2:$S$36)<>19} -> #NAME? | D82: {=_xludf.XLOOKUP(B82,計算用!$R:$R,計算用!$W:$W)} -> #NAME? | E82: {=_xludf.XLOOKUP(B82,計算用!$R:$R,計算用!$Y:$Y)} -> #NAME? | F82: {=_xludf.XLOOKUP(B82,計算用!$R:$R,計算用!$X:$X)} -> #NAME? | G82: {=_xludf.XLOOKUP(B79,DB!$A:$A,DB!$T:$T)} -> #NAME? | H82: {=_xludf.XLOOKUP(B79,DB!$A:$A,DB!$U:$U)} -> #NAME? | I82: {=_xludf.XLOOKUP(B79,DB!$A:$A,DB!$V:$V)} -> #NAME? | J82: {=IF(_xludf.IFNA(I82=0,TRUE),_xludf.XLOOKUP(B79-7,DB!$A:$A,DB!$Q:$Q),計算用!$C$4)} -> #NAME? | K82: ベリア農場地帯 | L82: {=_xludf.XLOOKUP(K82,計算用!$R$2:$R$36,計算用!$S$2:$S$36)<>19} -> #NAME? | M82: {=_xludf.XLOOKUP(K82,計算用!$R:$R,計算用!$W:$W)} -> #NAME? | N82: {=_xludf.XLOOKUP(K82,計算用!$R:$R,計算用!$Y:$Y)} -> #NAME? | O82: {=_xludf.XLOOKUP(K82,計算用!$R:$R,計算用!$X:$X)} -> #NAME? | P82: {=_xludf.XLOOKUP(K79,DB!$A:$A,DB!$T:$T)} -> #NAME? | Q82: {=_xludf.XLOOKUP(K79,DB!$A:$A,DB!$U:$U)} -> #NAME? | R82: {=_xludf.XLOOKUP(K79,DB!$A:$A,DB!$V:$V)} -> #NAME? | S82: {=IF(_xludf.IFNA(R82=0,TRUE),_xludf.XLOOKUP(K79-7,DB!$A:$A,DB!$Q:$Q),計算用!$C$4)} -> #NAME? | T82: トロル防御基地 | U82: {=_xludf.XLOOKUP(T82,計算用!$R$2:$R$36,計算用!$S$2:$S$36)<>19} -> #NAME? | V82: {=_xludf.XLOOKUP(T82,計算用!$R:$R,計算用!$W:$W)} -> #NAME? | W82: {=_xludf.XLOOKUP(T82,計算用!$R:$R,計算用!$Y:$Y)} -> #NAME? | X82: {=_xludf.XLOOKUP(T82,計算用!$R:$R,計算用!$X:$X)} -> #NAME? | Y82: {=_xludf.XLOOKUP(T79,DB!$A:$A,DB!$T:$T)} -> #NAME? | Z82: {=_xludf.XLOOKUP(T79,DB!$A:$A,DB!$U:$U)} -> #NAME? | AA82: {=_xludf.XLOOKUP(T79,DB!$A:$A,DB!$V:$V)} -> #NAME? | AB82: {=IF(_xludf.IFNA(AA82=0,TRUE),_xludf.XLOOKUP(T79-7,DB!$A:$A,DB!$Q:$Q),計算用!$C$4)} -> #NAME? | AC82: ナーガ抽出場 | AD82: {=_xludf.XLOOKUP(AC82,計算用!$R$2:$R$36,計算用!$S$2:$S$36)<>19} -> #NAME? | AE82: {=_xludf.XLOOKUP(AC82,計算用!$R:$R,計算用!$W:$W)} -> #NAME? | AF82: {=_xludf.XLOOKUP(AC82,計算用!$R:$R,計算用!$Y:$Y)} -> #NAME? | AG82: {=_xludf.XLOOKUP(AC82,計算用!$R:$R,計算用!$X:$X)} -> #NAME? | AH82: {=_xludf.XLOOKUP(AC79,DB!$A:$A,DB!$T:$T)} -> #NAME? | AI82: {=_xludf.XLOOKUP(AC79,DB!$A:$A,DB!$U:$U)} -> #NAME? | AJ82: {=_xludf.XLOOKUP(AC79,DB!$A:$A,DB!$V:$V)} -> #NAME? | AK82: {=IF(_xludf.IFNA(AJ82=0,TRUE),_xludf.XLOOKUP(AC79-7,DB!$A:$A,DB!$Q:$Q),計算用!$C$4)} -> #NAME?
B83: 忘却の地 | C83: {=_xludf.XLOOKUP(B83,計算用!$R$2:$R$36,計算用!$S$2:$S$36)<>19} -> #NAME? | D83: {=_xludf.XLOOKUP(B83,計算用!$R:$R,計算用!$W:$W)} -> #NAME? | E83: {=_xludf.XLOOKUP(B83,計算用!$R:$R,計算用!$Y:$Y)} -> #NAME? | F83: {=_xludf.XLOOKUP(B83,計算用!$R:$R,計算用!$X:$X)} -> #NAME? | G83: {=_xludf.XLOOKUP(B79,DB!$A:$A,DB!$AB:$AB)} -> #NAME? | H83: {=_xludf.XLOOKUP(B79,DB!$A:$A,DB!$AC:$AC)} -> #NAME? | I83: {=_xludf.XLOOKUP(B79,DB!$A:$A,DB!$AD:$AD)} -> #NAME? | J83: {=IF(_xludf.IFNA(I83=0,TRUE),_xludf.XLOOKUP(B79-7,DB!$A:$A,DB!$Y:$Y),計算用!$C$4)} -> #NAME? | K83: ギュントの丘 | L83: {=_xludf.XLOOKUP(K83,計算用!$R$2:$R$36,計算用!$S$2:$S$36)<>19} -> #NAME? | M83: {=_xludf.XLOOKUP(K83,計算用!$R:$R,計算用!$W:$W)} -> #NAME? | N83: {=_xludf.XLOOKUP(K83,計算用!$R:$R,計算用!$Y:$Y)} -> #NAME? | O83: {=_xludf.XLOOKUP(K83,計算用!$R:$R,計算用!$X:$X)} -> #NAME? | P83: {=_xludf.XLOOKUP(K79,DB!$A:$A,DB!$AB:$AB)} -> #NAME? | Q83: {=_xludf.XLOOKUP(K79,DB!$A:$A,DB!$AC:$AC)} -> #NAME? | R83: {=_xludf.XLOOKUP(K79,DB!$A:$A,DB!$AD:$AD)} -> #NAME? | S83: {=IF(_xludf.IFNA(R83=0,TRUE),_xludf.XLOOKUP(K79-7,DB!$A:$A,DB!$Y:$Y),計算用!$C$4)} -> #NAME? | T83: 隠された修道院 | U83: {=_xludf.XLOOKUP(T83,計算用!$R$2:$R$36,計算用!$S$2:$S$36)<>19} -> #NAME? | V83: {=_xludf.XLOOKUP(T83,計算用!$R:$R,計算用!$W:$W)} -> #NAME? | W83: {=_xludf.XLOOKUP(T83,計算用!$R:$R,計算用!$Y:$Y)} -> #NAME? | X83: {=_xludf.XLOOKUP(T83,計算用!$R:$R,計算用!$X:$X)} -> #NAME? | Y83: {=_xludf.XLOOKUP(T79,DB!$A:$A,DB!$AB:$AB)} -> #NAME? | Z83: {=_xludf.XLOOKUP(T79,DB!$A:$A,DB!$AC:$AC)} -> #NAME? | AA83: {=_xludf.XLOOKUP(T79,DB!$A:$A,DB!$AD:$AD)} -> #NAME? | AB83: {=IF(_xludf.IFNA(AA83=0,TRUE),_xludf.XLOOKUP(T79-7,DB!$A:$A,DB!$Y:$Y),計算用!$C$4)} -> #NAME? | AC83: オークキャンプ | AD83: {=_xludf.XLOOKUP(AC83,計算用!$R$2:$R$36,計算用!$S$2:$S$36)<>19} -> #NAME? | AE83: {=_xludf.XLOOKUP(AC83,計算用!$R:$R,計算用!$W:$W)} -> #NAME? | AF83: {=_xludf.XLOOKUP(AC83,計算用!$R:$R,計算用!$Y:$Y)} -> #NAME? | AG83: {=_xludf.XLOOKUP(AC83,計算用!$R:$R,計算用!$X:$X)} -> #NAME? | AH83: {=_xludf.XLOOKUP(AC79,DB!$A:$A,DB!$AB:$AB)} -> #NAME? | AI83: {=_xludf.XLOOKUP(AC79,DB!$A:$A,DB!$AC:$AC)} -> #NAME? | AJ83: {=_xludf.XLOOKUP(AC79,DB!$A:$A,DB!$AD:$AD)} -> #NAME? | AK83: {=IF(_xludf.IFNA(AJ83=0,TRUE),_xludf.XLOOKUP(AC79-7,DB!$A:$A,DB!$Y:$Y),計算用!$C$4)} -> #NAME?
J84: {=IF(_xludf.IFNA(I84=0,TRUE),_xludf.XLOOKUP(B79-7,DB!$A:$A,DB!$AG:$AG),計算用!$C$4)} -> #NAME? | K84: 高原地帯 | L84: {=_xludf.XLOOKUP(K84,計算用!$R$2:$R$36,計算用!$S$2:$S$36)<>19} -> #NAME? | M84: {=_xludf.XLOOKUP(K84,計算用!$R:$R,計算用!$W:$W)} -> #NAME? | N84: {=_xludf.XLOOKUP(K84,計算用!$R:$R,計算用!$Y:$Y)} -> #NAME? | O84: {=_xludf.XLOOKUP(K84,計算用!$R:$R,計算用!$X:$X)} -> #NAME? | P84: {=_xludf.XLOOKUP(K79,DB!$A:$A,DB!$AJ:$AJ)} -> #NAME? | Q84: {=_xludf.XLOOKUP(K79,DB!$A:$A,DB!$AK:$AK)} -> #NAME? | R84: {=_xludf.XLOOKUP(K79,DB!$A:$A,DB!$AL:$AL)} -> #NAME? | S84: {=IF(_xludf.IFNA(R84=0,TRUE),_xludf.XLOOKUP(K79-7,DB!$A:$A,DB!$AG:$AG),計算用!$C$4)} -> #NAME? | T84: マルニの第2実験場 | U84: {=_xludf.XLOOKUP(T84,計算用!$R$2:$R$36,計算用!$S$2:$S$36)<>19} -> #NAME? | V84: {=_xludf.XLOOKUP(T84,計算用!$R:$R,計算用!$W:$W)} -> #NAME? | W84: {=_xludf.XLOOKUP(T84,計算用!$R:$R,計算用!$Y:$Y)} -> #NAME? | X84: {=_xludf.XLOOKUP(T84,計算用!$R:$R,計算用!$X:$X)} -> #NAME? | Y84: {=_xludf.XLOOKUP(T79,DB!$A:$A,DB!$AJ:$AJ)} -> #NAME? | Z84: {=_xludf.XLOOKUP(T79,DB!$A:$A,DB!$AK:$AK)} -> #NAME? | AA84: {=_xludf.XLOOKUP(T79,DB!$A:$A,DB!$AL:$AL)} -> #NAME? | AB84: {=IF(_xludf.IFNA(AA84=0,TRUE),_xludf.XLOOKUP(T79-7,DB!$A:$A,DB!$AG:$AG),計算用!$C$4)} -> #NAME?
B85: ナーガ沼地 | C85: {=_xludf.XLOOKUP(B85,計算用!$R$2:$R$36,計算用!$S$2:$S$36)<>19} -> #NAME? | D85: {=_xludf.XLOOKUP(B85,計算用!$R:$R,計算用!$W:$W)} -> #NAME? | E85: {=_xludf.XLOOKUP(B85,計算用!$R:$R,計算用!$Y:$Y)} -> #NAME? | F85: {=_xludf.XLOOKUP(B85,計算用!$R:$R,計算用!$X:$X)} -> #NAME? | G85: {=_xludf.XLOOKUP(B79,DB!$A:$A,DB!$AR:$AR)} -> #NAME? | H85: {=_xludf.XLOOKUP(B79,DB!$A:$A,DB!$AS:$AS)} -> #NAME? | I85: {=_xludf.XLOOKUP(B79,DB!$A:$A,DB!$AT:$AT)} -> #NAME? | J85: {=IF(_xludf.IFNA(I85=0,TRUE),_xludf.XLOOKUP(B79-7,DB!$A:$A,DB!$AO:$AO),計算用!$C$4)} -> #NAME? | K85: 隠遁の森 | L85: {=_xludf.XLOOKUP(K85,計算用!$R$2:$R$36,計算用!$S$2:$S$36)<>19} -> #NAME? | M85: {=_xludf.XLOOKUP(K85,計算用!$R:$R,計算用!$W:$W)} -> #NAME? | N85: {=_xludf.XLOOKUP(K85,計算用!$R:$R,計算用!$Y:$Y)} -> #NAME? | O85: {=_xludf.XLOOKUP(K85,計算用!$R:$R,計算用!$X:$X)} -> #NAME? | P85: {=_xludf.XLOOKUP(K79,DB!$A:$A,DB!$AR:$AR)} -> #NAME? | Q85: {=_xludf.XLOOKUP(K79,DB!$A:$A,DB!$AS:$AS)} -> #NAME? | R85: {=_xludf.XLOOKUP(K79,DB!$A:$A,DB!$AT:$AT)} -> #NAME? | S85: {=IF(_xludf.IFNA(R85=0,TRUE),_xludf.XLOOKUP(K79-7,DB!$A:$A,DB!$AO:$AO),計算用!$C$4)} -> #NAME? | T85: アグリス平原 | U85: {=_xludf.XLOOKUP(T85,計算用!$R$2:$R$36,計算用!$S$2:$S$36)<>19} -> #NAME? | V85: {=_xludf.XLOOKUP(T85,計算用!$R:$R,計算用!$W:$W)} -> #NAME? | W85: {=_xludf.XLOOKUP(T85,計算用!$R:$R,計算用!$Y:$Y)} -> #NAME? | X85: {=_xludf.XLOOKUP(T85,計算用!$R:$R,計算用!$X:$X)} -> #NAME? | Y85: {=_xludf.XLOOKUP(T79,DB!$A:$A,DB!$AR:$AR)} -> #NAME? | Z85: {=_xludf.XLOOKUP(T79,DB!$A:$A,DB!$AS:$AS)} -> #NAME? | AA85: {=_xludf.XLOOKUP(T79,DB!$A:$A,DB!$AT:$AT)} -> #NAME? | AB85: {=IF(_xludf.IFNA(AA85=0,TRUE),_xludf.XLOOKUP(T79-7,DB!$A:$A,DB!$AO:$AO),計算用!$C$4)} -> #NAME? | AC85: 北部採石場 | AD85: {=_xludf.XLOOKUP(AC85,計算用!$R$2:$R$36,計算用!$S$2:$S$36)<>19} -> #NAME? | AE85: {=_xludf.XLOOKUP(AC85,計算用!$R:$R,計算用!$W:$W)} -> #NAME? | AF85: {=_xludf.XLOOKUP(AC85,計算用!$R:$R,計算用!$Y:$Y)} -> #NAME? | AG85: {=_xludf.XLOOKUP(AC85,計算用!$R:$R,計算用!$X:$X)} -> #NAME? | AH85: {=_xludf.XLOOKUP(AC79,DB!$A:$A,DB!$AR:$AR)} -> #NAME? | AI85: {=_xludf.XLOOKUP(AC79,DB!$A:$A,DB!$AS:$AS)} -> #NAME? | AJ85: {=_xludf.XLOOKUP(AC79,DB!$A:$A,DB!$AT:$AT)} -> #NAME? | AK85: {=IF(_xludf.IFNA(AJ85=0,TRUE),_xludf.XLOOKUP(AC79-7,DB!$A:$A,DB!$AO:$AO),計算用!$C$4)} -> #NAME?
B86: 旧ダンデリオン | C86: {=_xludf.XLOOKUP(B86,計算用!$R$2:$R$36,計算用!$S$2:$S$36)<>19} -> #NAME? | D86: {=_xludf.XLOOKUP(B86,計算用!$R:$R,計算用!$W:$W)} -> #NAME? | E86: {=_xludf.XLOOKUP(B86,計算用!$R:$R,計算用!$Y:$Y)} -> #NAME? | F86: {=_xludf.XLOOKUP(B86,計算用!$R:$R,計算用!$X:$X)} -> #NAME? | G86: {=_xludf.XLOOKUP(B79,DB!$A:$A,DB!$AZ:$AZ)} -> #NAME? | H86: {=_xludf.XLOOKUP(B79,DB!$A:$A,DB!$BA:$BA)} -> #NAME? | I86: {=_xludf.XLOOKUP(B79,DB!$A:$A,DB!$BB:$BB)} -> #NAME? | J86: {=IF(_xludf.IFNA(I86=0,TRUE),_xludf.XLOOKUP(B79-7,DB!$A:$A,DB!$AW:$AW),計算用!$C$4)} -> #NAME? | K86: エワズの丘 | L86: {=_xludf.XLOOKUP(K86,計算用!$R$2:$R$36,計算用!$S$2:$S$36)<>19} -> #NAME? | M86: {=_xludf.XLOOKUP(K86,計算用!$R:$R,計算用!$W:$W)} -> #NAME? | N86: {=_xludf.XLOOKUP(K86,計算用!$R:$R,計算用!$Y:$Y)} -> #NAME? | O86: {=_xludf.XLOOKUP(K86,計算用!$R:$R,計算用!$X:$X)} -> #NAME? | P86: {=_xludf.XLOOKUP(K79,DB!$A:$A,DB!$AZ:$AZ)} -> #NAME? | Q86: {=_xludf.XLOOKUP(K79,DB!$A:$A,DB!$BA:$BA)} -> #NAME? | R86: {=_xludf.XLOOKUP(K79,DB!$A:$A,DB!$BB:$BB)} -> #NAME? | S86: {=IF(_xludf.IFNA(R86=0,TRUE),_xludf.XLOOKUP(K79-7,DB!$A:$A,DB!$AW:$AW),計算用!$C$4)} -> #NAME? | T86: リンチ農場廃墟 | U86: {=_xludf.XLOOKUP(T86,計算用!$R$2:$R$36,計算用!$S$2:$S$36)<>19} -> #NAME? | V86: {=_xludf.XLOOKUP(T86,計算用!$R:$R,計算用!$W:$W)} -> #NAME? | W86: {=_xludf.XLOOKUP(T86,計算用!$R:$R,計算用!$Y:$Y)} -> #NAME? | X86: {=_xludf.XLOOKUP(T86,計算用!$R:$R,計算用!$X:$X)} -> #NAME? | Y86: {=_xludf.XLOOKUP(T79,DB!$A:$A,DB!$AZ:$AZ)} -> #NAME? | Z86: {=_xludf.XLOOKUP(T79,DB!$A:$A,DB!$BA:$BA)} -> #NAME? | AA86: {=_xludf.XLOOKUP(T79,DB!$A:$A,DB!$BB:$BB)} -> #NAME? | AB86: {=IF(_xludf.IFNA(AA86=0,TRUE),_xludf.XLOOKUP(T79-7,DB!$A:$A,DB!$AW:$AW),計算用!$C$4)} -> #NAME? | AC86: ハーピーの絶壁 | AD86: {=_xludf.XLOOKUP(AC86,計算用!$R$2:$R$36,計算用!$S$2:$S$36)<>19} -> #NAME? | AE86: {=_xludf.XLOOKUP(AC86,計算用!$R:$R,計算用!$W:$W)} -> #NAME? | AF86: {=_xludf.XLOOKUP(AC86,計算用!$R:$R,計算用!$Y:$Y)} -> #NAME? | AG86: {=_xludf.XLOOKUP(AC86,計算用!$R:$R,計算用!$X:$X)} -> #NAME? | AH86: {=_xludf.XLOOKUP(AC79,DB!$A:$A,DB!$AZ:$AZ)} -> #NAME? | AI86: {=_xludf.XLOOKUP(AC79,DB!$A:$A,DB!$BA:$BA)} -> #NAME? | AJ86: {=_xludf.XLOOKUP(AC79,DB!$A:$A,DB!$BB:$BB)} -> #NAME? | AK86: {=IF(_xludf.IFNA(AJ86=0,TRUE),_xludf.XLOOKUP(AC79-7,DB!$A:$A,DB!$AW:$AW),計算用!$C$4)} -> #NAME?
B87: 捨てられた地 | C87: {=_xludf.XLOOKUP(B87,計算用!$R$2:$R$36,計算用!$S$2:$S$36)<>19} -> #NAME? | D87: {=_xludf.XLOOKUP(B87,計算用!$R:$R,計算用!$W:$W)} -> #NAME? | E87: {=_xludf.XLOOKUP(B87,計算用!$R:$R,計算用!$Y:$Y)} -> #NAME? | F87: {=_xludf.XLOOKUP(B87,計算用!$R:$R,計算用!$X:$X)} -> #NAME? | G87: {=_xludf.XLOOKUP(B79,DB!$A:$A,DB!$BH:$BH)} -> #NAME? | H87: {=_xludf.XLOOKUP(B79,DB!$A:$A,DB!$BI:$BI)} -> #NAME? | I87: {=_xludf.XLOOKUP(B79,DB!$A:$A,DB!$BJ:$BJ)} -> #NAME? | J87: {=IF(_xludf.IFNA(I87=0,TRUE),_xludf.XLOOKUP(B79-7,DB!$A:$A,DB!$BE:$BE),計算用!$C$4)} -> #NAME? | K87: 廃城跡入り口 | L87: {=_xludf.XLOOKUP(K87,計算用!$R$2:$R$36,計算用!$S$2:$S$36)<>19} -> #NAME? | M87: {=_xludf.XLOOKUP(K87,計算用!$R:$R,計算用!$W:$W)} -> #NAME? | N87: {=_xludf.XLOOKUP(K87,計算用!$R:$R,計算用!$Y:$Y)} -> #NAME? | O87: {=_xludf.XLOOKUP(K87,計算用!$R:$R,計算用!$X:$X)} -> #NAME? | P87: {=_xludf.XLOOKUP(K79,DB!$A:$A,DB!$BH:$BH)} -> #NAME? | Q87: {=_xludf.XLOOKUP(K79,DB!$A:$A,DB!$BI:$BI)} -> #NAME? | R87: {=_xludf.XLOOKUP(K79,DB!$A:$A,DB!$BJ:$BJ)} -> #NAME? | S87: {=IF(_xludf.IFNA(R87=0,TRUE),_xludf.XLOOKUP(K79-7,DB!$A:$A,DB!$BE:$BE),計算用!$C$4)} -> #NAME? | T87: ブレディー砦 | U87: {=_xludf.XLOOKUP(T87,計算用!$R$2:$R$36,計算用!$S$2:$S$36)<>19} -> #NAME? | V87: {=_xludf.XLOOKUP(T87,計算用!$R:$R,計算用!$W:$W)} -> #NAME? | W87: {=_xludf.XLOOKUP(T87,計算用!$R:$R,計算用!$Y:$Y)} -> #NAME? | X87: {=_xludf.XLOOKUP(T87,計算用!$R:$R,計算用!$X:$X)} -> #NAME? | Y87: {=_xludf.XLOOKUP(T79,DB!$A:$A,DB!$BH:$BH)} -> #NAME? | Z87: {=_xludf.XLOOKUP(T79,DB!$A:$A,DB!$BI:$BI)} -> #NAME? | AA87: {=_xludf.XLOOKUP(T79,DB!$A:$A,DB!$BJ:$BJ)} -> #NAME? | AB87: {=IF(_xludf.IFNA(AA87=0,TRUE),_xludf.XLOOKUP(T79-7,DB!$A:$A,DB!$BE:$BE),計算用!$C$4)} -> #NAME? | AC87: ブリの森 | AD87: {=_xludf.XLOOKUP(AC87,計算用!$R$2:$R$36,計算用!$S$2:$S$36)<>19} -> #NAME? | AE87: {=_xludf.XLOOKUP(AC87,計算用!$R:$R,計算用!$W:$W)} -> #NAME? | AF87: {=_xludf.XLOOKUP(AC87,計算用!$R:$R,計算用!$Y:$Y)} -> #NAME? | AG87: {=_xludf.XLOOKUP(AC87,計算用!$R:$R,計算用!$X:$X)} -> #NAME? | AH87: {=_xludf.XLOOKUP(AC79,DB!$A:$A,DB!$BH:$BH)} -> #NAME? | AI87: {=_xludf.XLOOKUP(AC79,DB!$A:$A,DB!$BI:$BI)} -> #NAME? | AJ87: {=_xludf.XLOOKUP(AC79,DB!$A:$A,DB!$BJ:$BJ)} -> #NAME? | AK87: {=IF(_xludf.IFNA(AJ87=0,TRUE),_xludf.XLOOKUP(AC79-7,DB!$A:$A,DB!$BE:$BE),計算用!$C$4)} -> #NAME?
B88: ベア川下流 | C88: {=_xludf.XLOOKUP(B88,計算用!$R$2:$R$36,計算用!$S$2:$S$36)<>19} -> #NAME? | D88: {=_xludf.XLOOKUP(B88,計算用!$R:$R,計算用!$W:$W)} -> #NAME? | E88: {=_xludf.XLOOKUP(B88,計算用!$R:$R,計算用!$Y:$Y)} -> #NAME? | F88: {=_xludf.XLOOKUP(B88,計算用!$R:$R,計算用!$X:$X)} -> #NAME? | G88: {=_xludf.XLOOKUP(B79,DB!$A:$A,DB!$BP:$BP)} -> #NAME? | H88: {=_xludf.XLOOKUP(B79,DB!$A:$A,DB!$BQ:$BQ)} -> #NAME? | I88: {=_xludf.XLOOKUP(B79,DB!$A:$A,DB!$BR:$BR)} -> #NAME? | J88: {=IF(_xludf.IFNA(I88=0,TRUE),_xludf.XLOOKUP(B79-7,DB!$A:$A,DB!$BM:$BM),計算用!$C$4)} -> #NAME? | K88: カイア渡し場 | L88: {=_xludf.XLOOKUP(K88,計算用!$R$2:$R$36,計算用!$S$2:$S$36)<>19} -> #NAME? | M88: {=_xludf.XLOOKUP(K88,計算用!$R:$R,計算用!$W:$W)} -> #NAME? | N88: {=_xludf.XLOOKUP(K88,計算用!$R:$R,計算用!$Y:$Y)} -> #NAME? | O88: {=_xludf.XLOOKUP(K88,計算用!$R:$R,計算用!$X:$X)} -> #NAME? | P88: {=_xludf.XLOOKUP(K79,DB!$A:$A,DB!$BP:$BP)} -> #NAME? | Q88: {=_xludf.XLOOKUP(K79,DB!$A:$A,DB!$BQ:$BQ)} -> #NAME? | R88: {=_xludf.XLOOKUP(K79,DB!$A:$A,DB!$BR:$BR)} -> #NAME? | S88: {=IF(_xludf.IFNA(R88=0,TRUE),_xludf.XLOOKUP(K79-7,DB!$A:$A,DB!$BM:$BM),計算用!$C$4)} -> #NAME? | T88: エントの森 | U88: {=_xludf.XLOOKUP(T88,計算用!$R$2:$R$36,計算用!$S$2:$S$36)<>19} -> #NAME? | V88: {=_xludf.XLOOKUP(T88,計算用!$R:$R,計算用!$W:$W)} -> #NAME? | W88: {=_xludf.XLOOKUP(T88,計算用!$R:$R,計算用!$Y:$Y)} -> #NAME? | X88: {=_xludf.XLOOKUP(T88,計算用!$R:$R,計算用!$X:$X)} -> #NAME? | Y88: {=_xludf.XLOOKUP(T79,DB!$A:$A,DB!$BP:$BP)} -> #NAME? | Z88: {=_xludf.XLOOKUP(T79,DB!$A:$A,DB!$BQ:$BQ)} -> #NAME? | AA88: {=_xludf.XLOOKUP(T79,DB!$A:$A,DB!$BR:$BR)} -> #NAME? | AB88: {=IF(_xludf.IFNA(AA88=0,TRUE),_xludf.XLOOKUP(T79-7,DB!$A:$A,DB!$BM:$BM),計算用!$C$4)} -> #NAME? | AC88: マンシャの森の奥 | AD88: {=_xludf.XLOOKUP(AC88,計算用!$R$2:$R$36,計算用!$S$2:$S$36)<>19} -> #NAME? | AE88: {=_xludf.XLOOKUP(AC88,計算用!$R:$R,計算用!$W:$W)} -> #NAME? | AF88: {=_xludf.XLOOKUP(AC88,計算用!$R:$R,計算用!$Y:$Y)} -> #NAME? | AG88: {=_xludf.XLOOKUP(AC88,計算用!$R:$R,計算用!$X:$X)} -> #NAME? | AH88: {=_xludf.XLOOKUP(AC79,DB!$A:$A,DB!$BP:$BP)} -> #NAME? | AI88: {=_xludf.XLOOKUP(AC79,DB!$A:$A,DB!$BQ:$BQ)} -> #NAME? | AJ88: {=_xludf.XLOOKUP(AC79,DB!$A:$A,DB!$BR:$BR)} -> #NAME? | AK88: {=IF(_xludf.IFNA(AJ88=0,TRUE),_xludf.XLOOKUP(AC79-7,DB!$A:$A,DB!$BM:$BM),計算用!$C$4)} -> #NAME?
B89: アルティノ入り口 | C89: {=_xludf.XLOOKUP(B89,計算用!$R$2:$R$36,計算用!$S$2:$S$36)<>19} -> #NAME? | D89: {=_xludf.XLOOKUP(B89,計算用!$R:$R,計算用!$W:$W)} -> #NAME? | E89: {=_xludf.XLOOKUP(B89,計算用!$R:$R,計算用!$Y:$Y)} -> #NAME? | F89: {=_xludf.XLOOKUP(B89,計算用!$R:$R,計算用!$X:$X)} -> #NAME? | G89: {=_xludf.XLOOKUP(B79,DB!$A:$A,DB!$BX:$BX)} -> #NAME? | H89: {=_xludf.XLOOKUP(B79,DB!$A:$A,DB!$BY:$BY)} -> #NAME? | I89: {=_xludf.XLOOKUP(B79,DB!$A:$A,DB!$BZ:$BZ)} -> #NAME? | J89: {=IF(_xludf.IFNA(I89=0,TRUE),_xludf.XLOOKUP(B79-7,DB!$A:$A,DB!$BU:$BU),計算用!$C$4)} -> #NAME? | K89: カズラ農場 | L89: {=_xludf.XLOOKUP(K89,計算用!$R$2:$R$36,計算用!$S$2:$S$36)<>19} -> #NAME? | M89: {=_xludf.XLOOKUP(K89,計算用!$R:$R,計算用!$W:$W)} -> #NAME? | N89: {=_xludf.XLOOKUP(K89,計算用!$R:$R,計算用!$Y:$Y)} -> #NAME? | O89: {=_xludf.XLOOKUP(K89,計算用!$R:$R,計算用!$X:$X)} -> #NAME? | P89: {=_xludf.XLOOKUP(K79,DB!$A:$A,DB!$BX:$BX)} -> #NAME? | Q89: {=_xludf.XLOOKUP(K79,DB!$A:$A,DB!$BY:$BY)} -> #NAME? | R89: {=_xludf.XLOOKUP(K79,DB!$A:$A,DB!$BZ:$BZ)} -> #NAME? | S89: {=IF(_xludf.IFNA(R89=0,TRUE),_xludf.XLOOKUP(K79-7,DB!$A:$A,DB!$BU:$BU),計算用!$C$4)} -> #NAME? | T89: クリオ村 | U89: {=_xludf.XLOOKUP(T89,計算用!$R$2:$R$36,計算用!$S$2:$S$36)<>19} -> #NAME? | V89: {=_xludf.XLOOKUP(T89,計算用!$R:$R,計算用!$W:$W)} -> #NAME? | W89: {=_xludf.XLOOKUP(T89,計算用!$R:$R,計算用!$Y:$Y)} -> #NAME? | X89: {=_xludf.XLOOKUP(T89,計算用!$R:$R,計算用!$X:$X)} -> #NAME? | Y89: {=_xludf.XLOOKUP(T79,DB!$A:$A,DB!$BX:$BX)} -> #NAME? | Z89: {=_xludf.XLOOKUP(T79,DB!$A:$A,DB!$BY:$BY)} -> #NAME? | AA89: {=_xludf.XLOOKUP(T79,DB!$A:$A,DB!$BZ:$BZ)} -> #NAME? | AB89: {=IF(_xludf.IFNA(AA89=0,TRUE),_xludf.XLOOKUP(T79-7,DB!$A:$A,DB!$BU:$BU),計算用!$C$4)} -> #NAME? | AC89: 廃鉄鉱山採掘場 | AD89: {=_xludf.XLOOKUP(AC89,計算用!$R$2:$R$36,計算用!$S$2:$S$36)<>19} -> #NAME? | AE89: {=_xludf.XLOOKUP(AC89,計算用!$R:$R,計算用!$W:$W)} -> #NAME? | AF89: {=_xludf.XLOOKUP(AC89,計算用!$R:$R,計算用!$Y:$Y)} -> #NAME? | AG89: {=_xludf.XLOOKUP(AC89,計算用!$R:$R,計算用!$X:$X)} -> #NAME? | AH89: {=_xludf.XLOOKUP(AC79,DB!$A:$A,DB!$BX:$BX)} -> #NAME? | AI89: {=_xludf.XLOOKUP(AC79,DB!$A:$A,DB!$BY:$BY)} -> #NAME? | AJ89: {=_xludf.XLOOKUP(AC79,DB!$A:$A,DB!$BZ:$BZ)} -> #NAME? | AK89: {=IF(_xludf.IFNA(AJ89=0,TRUE),_xludf.XLOOKUP(AC79-7,DB!$A:$A,DB!$BU:$BU),計算用!$C$4)} -> #NAME?
B90: =B79+7 -> 45942 | C90: 22時 | D90: 城塞 | E90: 枠 | F90: 人数 | G90: 統一 | H90: 宴会 | I90: 税 | J90: 保有 | K90: =B90+1 -> 45943 | L90: 22時 | M90: 種別 | N90: 枠 | O90: 人数 | P90: 統一 | Q90: 宴会 | R90: 税 | S90: 保有 | T90: =K90+3 -> 45946 | U90: 22時 | V90: 種別 | W90: 枠 | X90: 人数 | Y90: 統一 | Z90: 宴会 | AA90: 税 | AB90: 保有 | AC90: =T90+1 -> 45947 | AD90: 22時 | AE90: 種別 | AF90: 枠 | AG90: 人数 | AH90: 統一 | AI90: 宴会 | AJ90: 税 | AK90: 保有
B91: デルニール農場 | C91: {=_xludf.XLOOKUP(B91,計算用!$R$2:$R$36,計算用!$S$2:$S$36)<>19} -> #NAME? | D91: {=_xludf.XLOOKUP(B91,計算用!$R:$R,計算用!$W:$W)} -> #NAME? | E91: {=_xludf.XLOOKUP(B91,計算用!$R:$R,計算用!$Y:$Y)} -> #NAME? | F91: {=_xludf.XLOOKUP(B91,計算用!$R:$R,計算用!$X:$X)} -> #NAME? | G91: - | H91: {=_xludf.XLOOKUP(B90,DB!$A:$A,DB!$F:$F)} -> #NAME? | I91: {=_xludf.XLOOKUP(B90,DB!$A:$A,DB!$G:$G)} -> #NAME? | J91: {=IF(_xludf.IFNA(I91=0,TRUE),_xludf.XLOOKUP(B90-7,DB!$A:$A,DB!$C:$C),計算用!$C$4)} -> #NAME? | K91: ルツム族駐屯地 | L91: {=_xludf.XLOOKUP(K91,計算用!$R$2:$R$36,計算用!$S$2:$S$36)<>19} -> #NAME? | M91: {=_xludf.XLOOKUP(K91,計算用!$R:$R,計算用!$W:$W)} -> #NAME? | N91: {=_xludf.XLOOKUP(K91,計算用!$R:$R,計算用!$Y:$Y)} -> #NAME? | O91: {=_xludf.XLOOKUP(K91,計算用!$R:$R,計算用!$X:$X)} -> #NAME? | P91: - | Q91: {=_xludf.XLOOKUP(K90,DB!$A:$A,DB!$F:$F)} -> #NAME? | R91: {=_xludf.XLOOKUP(K90,DB!$A:$A,DB!$G:$G)} -> #NAME? | S91: {=IF(_xludf.IFNA(R91=0,TRUE),_xludf.XLOOKUP(K90-7,DB!$A:$A,DB!$C:$C),計算用!$C$4)} -> #NAME? | T91: 北部大農場 | U91: {=_xludf.XLOOKUP(T91,計算用!$R$2:$R$36,計算用!$S$2:$S$36)<>19} -> #NAME? | V91: {=_xludf.XLOOKUP(T91,計算用!$R:$R,計算用!$W:$W)} -> #NAME? | W91: {=_xludf.XLOOKUP(T91,計算用!$R:$R,計算用!$Y:$Y)} -> #NAME? | X91: {=_xludf.XLOOKUP(T91,計算用!$R:$R,計算用!$X:$X)} -> #NAME? | Y91: - | Z91: {=_xludf.XLOOKUP(T90,DB!$A:$A,DB!$F:$F)} -> #NAME? | AA91: {=_xludf.XLOOKUP(T90,DB!$A:$A,DB!$G:$G)} -> #NAME? | AB91: {=IF(_xludf.IFNA(AA91=0,TRUE),_xludf.XLOOKUP(T90-7,DB!$A:$A,DB!$C:$C),計算用!$C$4)} -> #NAME? | AC91: アグリス祭壇 | AD91: {=_xludf.XLOOKUP(AC91,計算用!$R$2:$R$36,計算用!$S$2:$S$36)<>19} -> #NAME? | AE91: {=_xludf.XLOOKUP(AC91,計算用!$R:$R,計算用!$W:$W)} -> #NAME? | AF91: {=_xludf.XLOOKUP(AC91,計算用!$R:$R,計算用!$Y:$Y)} -> #NAME? | AG91: {=_xludf.XLOOKUP(AC91,計算用!$R:$R,計算用!$X:$X)} -> #NAME? | AH91: - | AI91: {=_xludf.XLOOKUP(AC90,DB!$A:$A,DB!$F:$F)} -> #NAME? | AJ91: {=_xludf.XLOOKUP(AC90,DB!$A:$A,DB!$G:$G)} -> #NAME? | AK91: {=IF(_xludf.IFNA(AJ91=0,TRUE),_xludf.XLOOKUP(AC90-7,DB!$A:$A,DB!$C:$C),計算用!$C$4)} -> #NAME?
J92: {=IF(_xludf.IFNA(I92=0,TRUE),_xludf.XLOOKUP(B90-7,DB!$A:$A,DB!$J:$J),計算用!$C$4)} -> #NAME? | K92: アト農場 | L92: {=_xludf.XLOOKUP(K92,計算用!$R$2:$R$36,計算用!$S$2:$S$36)<>19} -> #NAME? | M92: {=_xludf.XLOOKUP(K92,計算用!$R:$R,計算用!$W:$W)} -> #NAME? | N92: {=_xludf.XLOOKUP(K92,計算用!$R:$R,計算用!$Y:$Y)} -> #NAME? | O92: {=_xludf.XLOOKUP(K92,計算用!$R:$R,計算用!$X:$X)} -> #NAME? | P92: - | Q92: {=_xludf.XLOOKUP(K90,DB!$A:$A,DB!$M:$M)} -> #NAME? | R92: {=_xludf.XLOOKUP(K90,DB!$A:$A,DB!$N:$N)} -> #NAME? | S92: {=IF(_xludf.IFNA(R92=0,TRUE),_xludf.XLOOKUP(K90-7,DB!$A:$A,DB!$J:$J),計算用!$C$4)} -> #NAME?
B93: 略奪の森 | C93: {=_xludf.XLOOKUP(B93,計算用!$R$2:$R$36,計算用!$S$2:$S$36)<>19} -> #NAME? | D93: {=_xludf.XLOOKUP(B93,計算用!$R:$R,計算用!$W:$W)} -> #NAME? | E93: {=_xludf.XLOOKUP(B93,計算用!$R:$R,計算用!$Y:$Y)} -> #NAME? | F93: {=_xludf.XLOOKUP(B93,計算用!$R:$R,計算用!$X:$X)} -> #NAME? | G93: {=_xludf.XLOOKUP(B90,DB!$A:$A,DB!$T:$T)} -> #NAME? | H93: {=_xludf.XLOOKUP(B90,DB!$A:$A,DB!$U:$U)} -> #NAME? | I93: {=_xludf.XLOOKUP(B90,DB!$A:$A,DB!$V:$V)} -> #NAME? | J93: {=IF(_xludf.IFNA(I93=0,TRUE),_xludf.XLOOKUP(B90-7,DB!$A:$A,DB!$Q:$Q),計算用!$C$4)} -> #NAME? | K93: ベリア農場地帯 | L93: {=_xludf.XLOOKUP(K93,計算用!$R$2:$R$36,計算用!$S$2:$S$36)<>19} -> #NAME? | M93: {=_xludf.XLOOKUP(K93,計算用!$R:$R,計算用!$W:$W)} -> #NAME? | N93: {=_xludf.XLOOKUP(K93,計算用!$R:$R,計算用!$Y:$Y)} -> #NAME? | O93: {=_xludf.XLOOKUP(K93,計算用!$R:$R,計算用!$X:$X)} -> #NAME? | P93: {=_xludf.XLOOKUP(K90,DB!$A:$A,DB!$T:$T)} -> #NAME? | Q93: {=_xludf.XLOOKUP(K90,DB!$A:$A,DB!$U:$U)} -> #NAME? | R93: {=_xludf.XLOOKUP(K90,DB!$A:$A,DB!$V:$V)} -> #NAME? | S93: {=IF(_xludf.IFNA(R93=0,TRUE),_xludf.XLOOKUP(K90-7,DB!$A:$A,DB!$Q:$Q),計算用!$C$4)} -> #NAME? | T93: トロル防御基地 | U93: {=_xludf.XLOOKUP(T93,計算用!$R$2:$R$36,計算用!$S$2:$S$36)<>19} -> #NAME? | V93: {=_xludf.XLOOKUP(T93,計算用!$R:$R,計算用!$W:$W)} -> #NAME? | W93: {=_xludf.XLOOKUP(T93,計算用!$R:$R,計算用!$Y:$Y)} -> #NAME? | X93: {=_xludf.XLOOKUP(T93,計算用!$R:$R,計算用!$X:$X)} -> #NAME? | Y93: {=_xludf.XLOOKUP(T90,DB!$A:$A,DB!$T:$T)} -> #NAME? | Z93: {=_xludf.XLOOKUP(T90,DB!$A:$A,DB!$U:$U)} -> #NAME? | AA93: {=_xludf.XLOOKUP(T90,DB!$A:$A,DB!$V:$V)} -> #NAME? | AB93: {=IF(_xludf.IFNA(AA93=0,TRUE),_xludf.XLOOKUP(T90-7,DB!$A:$A,DB!$Q:$Q),計算用!$C$4)} -> #NAME? | AC93: ナーガ抽出場 | AD93: {=_xludf.XLOOKUP(AC93,計算用!$R$2:$R$36,計算用!$S$2:$S$36)<>19} -> #NAME? | AE93: {=_xludf.XLOOKUP(AC93,計算用!$R:$R,計算用!$W:$W)} -> #NAME? | AF93: {=_xludf.XLOOKUP(AC93,計算用!$R:$R,計算用!$Y:$Y)} -> #NAME? | AG93: {=_xludf.XLOOKUP(AC93,計算用!$R:$R,計算用!$X:$X)} -> #NAME? | AH93: {=_xludf.XLOOKUP(AC90,DB!$A:$A,DB!$T:$T)} -> #NAME? | AI93: {=_xludf.XLOOKUP(AC90,DB!$A:$A,DB!$U:$U)} -> #NAME? | AJ93: {=_xludf.XLOOKUP(AC90,DB!$A:$A,DB!$V:$V)} -> #NAME? | AK93: {=IF(_xludf.IFNA(AJ93=0,TRUE),_xludf.XLOOKUP(AC90-7,DB!$A:$A,DB!$Q:$Q),計算用!$C$4)} -> #NAME?
B94: 忘却の地 | C94: {=_xludf.XLOOKUP(B94,計算用!$R$2:$R$36,計算用!$S$2:$S$36)<>19} -> #NAME? | D94: {=_xludf.XLOOKUP(B94,計算用!$R:$R,計算用!$W:$W)} -> #NAME? | E94: {=_xludf.XLOOKUP(B94,計算用!$R:$R,計算用!$Y:$Y)} -> #NAME? | F94: {=_xludf.XLOOKUP(B94,計算用!$R:$R,計算用!$X:$X)} -> #NAME? | G94: {=_xludf.XLOOKUP(B90,DB!$A:$A,DB!$AB:$AB)} -> #NAME? | H94: {=_xludf.XLOOKUP(B90,DB!$A:$A,DB!$AC:$AC)} -> #NAME? | I94: {=_xludf.XLOOKUP(B90,DB!$A:$A,DB!$AD:$AD)} -> #NAME? | J94: {=IF(_xludf.IFNA(I94=0,TRUE),_xludf.XLOOKUP(B90-7,DB!$A:$A,DB!$Y:$Y),計算用!$C$4)} -> #NAME? | K94: ギュントの丘 | L94: {=_xludf.XLOOKUP(K94,計算用!$R$2:$R$36,計算用!$S$2:$S$36)<>19} -> #NAME? | M94: {=_xludf.XLOOKUP(K94,計算用!$R:$R,計算用!$W:$W)} -> #NAME? | N94: {=_xludf.XLOOKUP(K94,計算用!$R:$R,計算用!$Y:$Y)} -> #NAME? | O94: {=_xludf.XLOOKUP(K94,計算用!$R:$R,計算用!$X:$X)} -> #NAME? | P94: {=_xludf.XLOOKUP(K90,DB!$A:$A,DB!$AB:$AB)} -> #NAME? | Q94: {=_xludf.XLOOKUP(K90,DB!$A:$A,DB!$AC:$AC)} -> #NAME? | R94: {=_xludf.XLOOKUP(K90,DB!$A:$A,DB!$AD:$AD)} -> #NAME? | S94: {=IF(_xludf.IFNA(R94=0,TRUE),_xludf.XLOOKUP(K90-7,DB!$A:$A,DB!$Y:$Y),計算用!$C$4)} -> #NAME? | T94: 隠された修道院 | U94: {=_xludf.XLOOKUP(T94,計算用!$R$2:$R$36,計算用!$S$2:$S$36)<>19} -> #NAME? | V94: {=_xludf.XLOOKUP(T94,計算用!$R:$R,計算用!$W:$W)} -> #NAME? | W94: {=_xludf.XLOOKUP(T94,計算用!$R:$R,計算用!$Y:$Y)} -> #NAME? | X94: {=_xludf.XLOOKUP(T94,計算用!$R:$R,計算用!$X:$X)} -> #NAME? | Y94: {=_xludf.XLOOKUP(T90,DB!$A:$A,DB!$AB:$AB)} -> #NAME? | Z94: {=_xludf.XLOOKUP(T90,DB!$A:$A,DB!$AC:$AC)} -> #NAME? | AA94: {=_xludf.XLOOKUP(T90,DB!$A:$A,DB!$AD:$AD)} -> #NAME? | AB94: {=IF(_xludf.IFNA(AA94=0,TRUE),_xludf.XLOOKUP(T90-7,DB!$A:$A,DB!$Y:$Y),計算用!$C$4)} -> #NAME? | AC94: オークキャンプ | AD94: {=_xludf.XLOOKUP(AC94,計算用!$R$2:$R$36,計算用!$S$2:$S$36)<>19} -> #NAME? | AE94: {=_xludf.XLOOKUP(AC94,計算用!$R:$R,計算用!$W:$W)} -> #NAME? | AF94: {=_xludf.XLOOKUP(AC94,計算用!$R:$R,計算用!$Y:$Y)} -> #NAME? | AG94: {=_xludf.XLOOKUP(AC94,計算用!$R:$R,計算用!$X:$X)} -> #NAME? | AH94: {=_xludf.XLOOKUP(AC90,DB!$A:$A,DB!$AB:$AB)} -> #NAME? | AI94: {=_xludf.XLOOKUP(AC90,DB!$A:$A,DB!$AC:$AC)} -> #NAME? | AJ94: {=_xludf.XLOOKUP(AC90,DB!$A:$A,DB!$AD:$AD)} -> #NAME? | AK94: {=IF(_xludf.IFNA(AJ94=0,TRUE),_xludf.XLOOKUP(AC90-7,DB!$A:$A,DB!$Y:$Y),計算用!$C$4)} -> #NAME?
J95: {=IF(_xludf.IFNA(I95=0,TRUE),_xludf.XLOOKUP(B90-7,DB!$A:$A,DB!$AG:$AG),計算用!$C$4)} -> #NAME? | K95: 高原地帯 | L95: {=_xludf.XLOOKUP(K95,計算用!$R$2:$R$36,計算用!$S$2:$S$36)<>19} -> #NAME? | M95: {=_xludf.XLOOKUP(K95,計算用!$R:$R,計算用!$W:$W)} -> #NAME? | N95: {=_xludf.XLOOKUP(K95,計算用!$R:$R,計算用!$Y:$Y)} -> #NAME? | O95: {=_xludf.XLOOKUP(K95,計算用!$R:$R,計算用!$X:$X)} -> #NAME? | P95: {=_xludf.XLOOKUP(K90,DB!$A:$A,DB!$AJ:$AJ)} -> #NAME? | Q95: {=_xludf.XLOOKUP(K90,DB!$A:$A,DB!$AK:$AK)} -> #NAME? | R95: {=_xludf.XLOOKUP(K90,DB!$A:$A,DB!$AL:$AL)} -> #NAME? | S95: {=IF(_xludf.IFNA(R95=0,TRUE),_xludf.XLOOKUP(K90-7,DB!$A:$A,DB!$AG:$AG),計算用!$C$4)} -> #NAME? | T95: マルニの第2実験場 | U95: {=_xludf.XLOOKUP(T95,計算用!$R$2:$R$36,計算用!$S$2:$S$36)<>19} -> #NAME? | V95: {=_xludf.XLOOKUP(T95,計算用!$R:$R,計算用!$W:$W)} -> #NAME? | W95: {=_xludf.XLOOKUP(T95,計算用!$R:$R,計算用!$Y:$Y)} -> #NAME? | X95: {=_xludf.XLOOKUP(T95,計算用!$R:$R,計算用!$X:$X)} -> #NAME? | Y95: {=_xludf.XLOOKUP(T90,DB!$A:$A,DB!$AJ:$AJ)} -> #NAME? | Z95: {=_xludf.XLOOKUP(T90,DB!$A:$A,DB!$AK:$AK)} -> #NAME? | AA95: {=_xludf.XLOOKUP(T90,DB!$A:$A,DB!$AL:$AL)} -> #NAME? | AB95: {=IF(_xludf.IFNA(AA95=0,TRUE),_xludf.XLOOKUP(T90-7,DB!$A:$A,DB!$AG:$AG),計算用!$C$4)} -> #NAME?
B96: ナーガ沼地 | C96: {=_xludf.XLOOKUP(B96,計算用!$R$2:$R$36,計算用!$S$2:$S$36)<>19} -> #NAME? | D96: {=_xludf.XLOOKUP(B96,計算用!$R:$R,計算用!$W:$W)} -> #NAME? | E96: {=_xludf.XLOOKUP(B96,計算用!$R:$R,計算用!$Y:$Y)} -> #NAME? | F96: {=_xludf.XLOOKUP(B96,計算用!$R:$R,計算用!$X:$X)} -> #NAME? | G96: {=_xludf.XLOOKUP(B90,DB!$A:$A,DB!$AR:$AR)} -> #NAME? | H96: {=_xludf.XLOOKUP(B90,DB!$A:$A,DB!$AS:$AS)} -> #NAME? | I96: {=_xludf.XLOOKUP(B90,DB!$A:$A,DB!$AT:$AT)} -> #NAME? | J96: {=IF(_xludf.IFNA(I96=0,TRUE),_xludf.XLOOKUP(B90-7,DB!$A:$A,DB!$AO:$AO),計算用!$C$4)} -> #NAME? | K96: 隠遁の森 | L96: {=_xludf.XLOOKUP(K96,計算用!$R$2:$R$36,計算用!$S$2:$S$36)<>19} -> #NAME? | M96: {=_xludf.XLOOKUP(K96,計算用!$R:$R,計算用!$W:$W)} -> #NAME? | N96: {=_xludf.XLOOKUP(K96,計算用!$R:$R,計算用!$Y:$Y)} -> #NAME? | O96: {=_xludf.XLOOKUP(K96,計算用!$R:$R,計算用!$X:$X)} -> #NAME? | P96: {=_xludf.XLOOKUP(K90,DB!$A:$A,DB!$AR:$AR)} -> #NAME? | Q96: {=_xludf.XLOOKUP(K90,DB!$A:$A,DB!$AS:$AS)} -> #NAME? | R96: {=_xludf.XLOOKUP(K90,DB!$A:$A,DB!$AT:$AT)} -> #NAME? | S96: {=IF(_xludf.IFNA(R96=0,TRUE),_xludf.XLOOKUP(K90-7,DB!$A:$A,DB!$AO:$AO),計算用!$C$4)} -> #NAME? | T96: アグリス平原 | U96: {=_xludf.XLOOKUP(T96,計算用!$R$2:$R$36,計算用!$S$2:$S$36)<>19} -> #NAME? | V96: {=_xludf.XLOOKUP(T96,計算用!$R:$R,計算用!$W:$W)} -> #NAME? | W96: {=_xludf.XLOOKUP(T96,計算用!$R:$R,計算用!$Y:$Y)} -> #NAME? | X96: {=_xludf.XLOOKUP(T96,計算用!$R:$R,計算用!$X:$X)} -> #NAME? | Y96: {=_xludf.XLOOKUP(T90,DB!$A:$A,DB!$AR:$AR)} -> #NAME? | Z96: {=_xludf.XLOOKUP(T90,DB!$A:$A,DB!$AS:$AS)} -> #NAME? | AA96: {=_xludf.XLOOKUP(T90,DB!$A:$A,DB!$AT:$AT)} -> #NAME? | AB96: {=IF(_xludf.IFNA(AA96=0,TRUE),_xludf.XLOOKUP(T90-7,DB!$A:$A,DB!$AO:$AO),計算用!$C$4)} -> #NAME? | AC96: 北部採石場 | AD96: {=_xludf.XLOOKUP(AC96,計算用!$R$2:$R$36,計算用!$S$2:$S$36)<>19} -> #NAME? | AE96: {=_xludf.XLOOKUP(AC96,計算用!$R:$R,計算用!$W:$W)} -> #NAME? | AF96: {=_xludf.XLOOKUP(AC96,計算用!$R:$R,計算用!$Y:$Y)} -> #NAME? | AG96: {=_xludf.XLOOKUP(AC96,計算用!$R:$R,計算用!$X:$X)} -> #NAME? | AH96: {=_xludf.XLOOKUP(AC90,DB!$A:$A,DB!$AR:$AR)} -> #NAME? | AI96: {=_xludf.XLOOKUP(AC90,DB!$A:$A,DB!$AS:$AS)} -> #NAME? | AJ96: {=_xludf.XLOOKUP(AC90,DB!$A:$A,DB!$AT:$AT)} -> #NAME? | AK96: {=IF(_xludf.IFNA(AJ96=0,TRUE),_xludf.XLOOKUP(AC90-7,DB!$A:$A,DB!$AO:$AO),計算用!$C$4)} -> #NAME?
B97: 旧ダンデリオン | C97: {=_xludf.XLOOKUP(B97,計算用!$R$2:$R$36,計算用!$S$2:$S$36)<>19} -> #NAME? | D97: {=_xludf.XLOOKUP(B97,計算用!$R:$R,計算用!$W:$W)} -> #NAME? | E97: {=_xludf.XLOOKUP(B97,計算用!$R:$R,計算用!$Y:$Y)} -> #NAME? | F97: {=_xludf.XLOOKUP(B97,計算用!$R:$R,計算用!$X:$X)} -> #NAME? | G97: {=_xludf.XLOOKUP(B90,DB!$A:$A,DB!$AZ:$AZ)} -> #NAME? | H97: {=_xludf.XLOOKUP(B90,DB!$A:$A,DB!$BA:$BA)} -> #NAME? | I97: {=_xludf.XLOOKUP(B90,DB!$A:$A,DB!$BB:$BB)} -> #NAME? | J97: {=IF(_xludf.IFNA(I97=0,TRUE),_xludf.XLOOKUP(B90-7,DB!$A:$A,DB!$AW:$AW),計算用!$C$4)} -> #NAME? | K97: エワズの丘 | L97: {=_xludf.XLOOKUP(K97,計算用!$R$2:$R$36,計算用!$S$2:$S$36)<>19} -> #NAME? | M97: {=_xludf.XLOOKUP(K97,計算用!$R:$R,計算用!$W:$W)} -> #NAME? | N97: {=_xludf.XLOOKUP(K97,計算用!$R:$R,計算用!$Y:$Y)} -> #NAME? | O97: {=_xludf.XLOOKUP(K97,計算用!$R:$R,計算用!$X:$X)} -> #NAME? | P97: {=_xludf.XLOOKUP(K90,DB!$A:$A,DB!$AZ:$AZ)} -> #NAME? | Q97: {=_xludf.XLOOKUP(K90,DB!$A:$A,DB!$BA:$BA)} -> #NAME? | R97: {=_xludf.XLOOKUP(K90,DB!$A:$A,DB!$BB:$BB)} -> #NAME? | S97: {=IF(_xludf.IFNA(R97=0,TRUE),_xludf.XLOOKUP(K90-7,DB!$A:$A,DB!$AW:$AW),計算用!$C$4)} -> #NAME? | T97: リンチ農場廃墟 | U97: {=_xludf.XLOOKUP(T97,計算用!$R$2:$R$36,計算用!$S$2:$S$36)<>19} -> #NAME? | V97: {=_xludf.XLOOKUP(T97,計算用!$R:$R,計算用!$W:$W)} -> #NAME? | W97: {=_xludf.XLOOKUP(T97,計算用!$R:$R,計算用!$Y:$Y)} -> #NAME? | X97: {=_xludf.XLOOKUP(T97,計算用!$R:$R,計算用!$X:$X)} -> #NAME? | Y97: {=_xludf.XLOOKUP(T90,DB!$A:$A,DB!$AZ:$AZ)} -> #NAME? | Z97: {=_xludf.XLOOKUP(T90,DB!$A:$A,DB!$BA:$BA)} -> #NAME? | AA97: {=_xludf.XLOOKUP(T90,DB!$A:$A,DB!$BB:$BB)} -> #NAME? | AB97: {=IF(_xludf.IFNA(AA97=0,TRUE),_xludf.XLOOKUP(T90-7,DB!$A:$A,DB!$AW:$AW),計算用!$C$4)} -> #NAME? | AC97: ハーピーの絶壁 | AD97: {=_xludf.XLOOKUP(AC97,計算用!$R$2:$R$36,計算用!$S$2:$S$36)<>19} -> #NAME? | AE97: {=_xludf.XLOOKUP(AC97,計算用!$R:$R,計算用!$W:$W)} -> #NAME? | AF97: {=_xludf.XLOOKUP(AC97,計算用!$R:$R,計算用!$Y:$Y)} -> #NAME? | AG97: {=_xludf.XLOOKUP(AC97,計算用!$R:$R,計算用!$X:$X)} -> #NAME? | AH97: {=_xludf.XLOOKUP(AC90,DB!$A:$A,DB!$AZ:$AZ)} -> #NAME? | AI97: {=_xludf.XLOOKUP(AC90,DB!$A:$A,DB!$BA:$BA)} -> #NAME? | AJ97: {=_xludf.XLOOKUP(AC90,DB!$A:$A,DB!$BB:$BB)} -> #NAME? | AK97: {=IF(_xludf.IFNA(AJ97=0,TRUE),_xludf.XLOOKUP(AC90-7,DB!$A:$A,DB!$AW:$AW),計算用!$C$4)} -> #NAME?
B98: 捨てられた地 | C98: {=_xludf.XLOOKUP(B98,計算用!$R$2:$R$36,計算用!$S$2:$S$36)<>19} -> #NAME? | D98: {=_xludf.XLOOKUP(B98,計算用!$R:$R,計算用!$W:$W)} -> #NAME? | E98: {=_xludf.XLOOKUP(B98,計算用!$R:$R,計算用!$Y:$Y)} -> #NAME? | F98: {=_xludf.XLOOKUP(B98,計算用!$R:$R,計算用!$X:$X)} -> #NAME? | G98: {=_xludf.XLOOKUP(B90,DB!$A:$A,DB!$BH:$BH)} -> #NAME? | H98: {=_xludf.XLOOKUP(B90,DB!$A:$A,DB!$BI:$BI)} -> #NAME? | I98: {=_xludf.XLOOKUP(B90,DB!$A:$A,DB!$BJ:$BJ)} -> #NAME? | J98: {=IF(_xludf.IFNA(I98=0,TRUE),_xludf.XLOOKUP(B90-7,DB!$A:$A,DB!$BE:$BE),計算用!$C$4)} -> #NAME? | K98: 廃城跡入り口 | L98: {=_xludf.XLOOKUP(K98,計算用!$R$2:$R$36,計算用!$S$2:$S$36)<>19} -> #NAME? | M98: {=_xludf.XLOOKUP(K98,計算用!$R:$R,計算用!$W:$W)} -> #NAME? | N98: {=_xludf.XLOOKUP(K98,計算用!$R:$R,計算用!$Y:$Y)} -> #NAME? | O98: {=_xludf.XLOOKUP(K98,計算用!$R:$R,計算用!$X:$X)} -> #NAME? | P98: {=_xludf.XLOOKUP(K90,DB!$A:$A,DB!$BH:$BH)} -> #NAME? | Q98: {=_xludf.XLOOKUP(K90,DB!$A:$A,DB!$BI:$BI)} -> #NAME? | R98: {=_xludf.XLOOKUP(K90,DB!$A:$A,DB!$BJ:$BJ)} -> #NAME? | S98: {=IF(_xludf.IFNA(R98=0,TRUE),_xludf.XLOOKUP(K90-7,DB!$A:$A,DB!$BE:$BE),計算用!$C$4)} -> #NAME? | T98: ブレディー砦 | U98: {=_xludf.XLOOKUP(T98,計算用!$R$2:$R$36,計算用!$S$2:$S$36)<>19} -> #NAME? | V98: {=_xludf.XLOOKUP(T98,計算用!$R:$R,計算用!$W:$W)} -> #NAME? | W98: {=_xludf.XLOOKUP(T98,計算用!$R:$R,計算用!$Y:$Y)} -> #NAME? | X98: {=_xludf.XLOOKUP(T98,計算用!$R:$R,計算用!$X:$X)} -> #NAME? | Y98: {=_xludf.XLOOKUP(T90,DB!$A:$A,DB!$BH:$BH)} -> #NAME? | Z98: {=_xludf.XLOOKUP(T90,DB!$A:$A,DB!$BI:$BI)} -> #NAME? | AA98: {=_xludf.XLOOKUP(T90,DB!$A:$A,DB!$BJ:$BJ)} -> #NAME? | AB98: {=IF(_xludf.IFNA(AA98=0,TRUE),_xludf.XLOOKUP(T90-7,DB!$A:$A,DB!$BE:$BE),計算用!$C$4)} -> #NAME? | AC98: ブリの森 | AD98: {=_xludf.XLOOKUP(AC98,計算用!$R$2:$R$36,計算用!$S$2:$S$36)<>19} -> #NAME? | AE98: {=_xludf.XLOOKUP(AC98,計算用!$R:$R,計算用!$W:$W)} -> #NAME? | AF98: {=_xludf.XLOOKUP(AC98,計算用!$R:$R,計算用!$Y:$Y)} -> #NAME? | AG98: {=_xludf.XLOOKUP(AC98,計算用!$R:$R,計算用!$X:$X)} -> #NAME? | AH98: {=_xludf.XLOOKUP(AC90,DB!$A:$A,DB!$BH:$BH)} -> #NAME? | AI98: {=_xludf.XLOOKUP(AC90,DB!$A:$A,DB!$BI:$BI)} -> #NAME? | AJ98: {=_xludf.XLOOKUP(AC90,DB!$A:$A,DB!$BJ:$BJ)} -> #NAME? | AK98: {=IF(_xludf.IFNA(AJ98=0,TRUE),_xludf.XLOOKUP(AC90-7,DB!$A:$A,DB!$BE:$BE),計算用!$C$4)} -> #NAME?
B99: ベア川下流 | C99: {=_xludf.XLOOKUP(B99,計算用!$R$2:$R$36,計算用!$S$2:$S$36)<>19} -> #NAME? | D99: {=_xludf.XLOOKUP(B99,計算用!$R:$R,計算用!$W:$W)} -> #NAME? | E99: {=_xludf.XLOOKUP(B99,計算用!$R:$R,計算用!$Y:$Y)} -> #NAME? | F99: {=_xludf.XLOOKUP(B99,計算用!$R:$R,計算用!$X:$X)} -> #NAME? | G99: {=_xludf.XLOOKUP(B90,DB!$A:$A,DB!$BP:$BP)} -> #NAME? | H99: {=_xludf.XLOOKUP(B90,DB!$A:$A,DB!$BQ:$BQ)} -> #NAME? | I99: {=_xludf.XLOOKUP(B90,DB!$A:$A,DB!$BR:$BR)} -> #NAME? | J99: {=IF(_xludf.IFNA(I99=0,TRUE),_xludf.XLOOKUP(B90-7,DB!$A:$A,DB!$BM:$BM),計算用!$C$4)} -> #NAME? | K99: カイア渡し場 | L99: {=_xludf.XLOOKUP(K99,計算用!$R$2:$R$36,計算用!$S$2:$S$36)<>19} -> #NAME? | M99: {=_xludf.XLOOKUP(K99,計算用!$R:$R,計算用!$W:$W)} -> #NAME? | N99: {=_xludf.XLOOKUP(K99,計算用!$R:$R,計算用!$Y:$Y)} -> #NAME? | O99: {=_xludf.XLOOKUP(K99,計算用!$R:$R,計算用!$X:$X)} -> #NAME? | P99: {=_xludf.XLOOKUP(K90,DB!$A:$A,DB!$BP:$BP)} -> #NAME? | Q99: {=_xludf.XLOOKUP(K90,DB!$A:$A,DB!$BQ:$BQ)} -> #NAME? | R99: {=_xludf.XLOOKUP(K90,DB!$A:$A,DB!$BR:$BR)} -> #NAME? | S99: {=IF(_xludf.IFNA(R99=0,TRUE),_xludf.XLOOKUP(K90-7,DB!$A:$A,DB!$BM:$BM),計算用!$C$4)} -> #NAME? | T99: エントの森 | U99: {=_xludf.XLOOKUP(T99,計算用!$R$2:$R$36,計算用!$S$2:$S$36)<>19} -> #NAME? | V99: {=_xludf.XLOOKUP(T99,計算用!$R:$R,計算用!$W:$W)} -> #NAME? | W99: {=_xludf.XLOOKUP(T99,計算用!$R:$R,計算用!$Y:$Y)} -> #NAME? | X99: {=_xludf.XLOOKUP(T99,計算用!$R:$R,計算用!$X:$X)} -> #NAME? | Y99: {=_xludf.XLOOKUP(T90,DB!$A:$A,DB!$BP:$BP)} -> #NAME? | Z99: {=_xludf.XLOOKUP(T90,DB!$A:$A,DB!$BQ:$BQ)} -> #NAME? | AA99: {=_xludf.XLOOKUP(T90,DB!$A:$A,DB!$BR:$BR)} -> #NAME? | AB99: {=IF(_xludf.IFNA(AA99=0,TRUE),_xludf.XLOOKUP(T90-7,DB!$A:$A,DB!$BM:$BM),計算用!$C$4)} -> #NAME? | AC99: マンシャの森の奥 | AD99: {=_xludf.XLOOKUP(AC99,計算用!$R$2:$R$36,計算用!$S$2:$S$36)<>19} -> #NAME? | AE99: {=_xludf.XLOOKUP(AC99,計算用!$R:$R,計算用!$W:$W)} -> #NAME? | AF99: {=_xludf.XLOOKUP(AC99,計算用!$R:$R,計算用!$Y:$Y)} -> #NAME? | AG99: {=_xludf.XLOOKUP(AC99,計算用!$R:$R,計算用!$X:$X)} -> #NAME? | AH99: {=_xludf.XLOOKUP(AC90,DB!$A:$A,DB!$BP:$BP)} -> #NAME? | AI99: {=_xludf.XLOOKUP(AC90,DB!$A:$A,DB!$BQ:$BQ)} -> #NAME? | AJ99: {=_xludf.XLOOKUP(AC90,DB!$A:$A,DB!$BR:$BR)} -> #NAME? | AK99: {=IF(_xludf.IFNA(AJ99=0,TRUE),_xludf.XLOOKUP(AC90-7,DB!$A:$A,DB!$BM:$BM),計算用!$C$4)} -> #NAME?
B100: アルティノ入り口 | C100: {=_xludf.XLOOKUP(B100,計算用!$R$2:$R$36,計算用!$S$2:$S$36)<>19} -> #NAME? | D100: {=_xludf.XLOOKUP(B100,計算用!$R:$R,計算用!$W:$W)} -> #NAME? | E100: {=_xludf.XLOOKUP(B100,計算用!$R:$R,計算用!$Y:$Y)} -> #NAME? | F100: {=_xludf.XLOOKUP(B100,計算用!$R:$R,計算用!$X:$X)} -> #NAME? | G100: {=_xludf.XLOOKUP(B90,DB!$A:$A,DB!$BX:$BX)} -> #NAME? | H100: {=_xludf.XLOOKUP(B90,DB!$A:$A,DB!$BY:$BY)} -> #NAME? | I100: {=_xludf.XLOOKUP(B90,DB!$A:$A,DB!$BZ:$BZ)} -> #NAME? | J100: {=IF(_xludf.IFNA(I100=0,TRUE),_xludf.XLOOKUP(B90-7,DB!$A:$A,DB!$BU:$BU),計算用!$C$4)} -> #NAME? | K100: カズラ農場 | L100: {=_xludf.XLOOKUP(K100,計算用!$R$2:$R$36,計算用!$S$2:$S$36)<>19} -> #NAME? | M100: {=_xludf.XLOOKUP(K100,計算用!$R:$R,計算用!$W:$W)} -> #NAME? | N100: {=_xludf.XLOOKUP(K100,計算用!$R:$R,計算用!$Y:$Y)} -> #NAME? | O100: {=_xludf.XLOOKUP(K100,計算用!$R:$R,計算用!$X:$X)} -> #NAME? | P100: {=_xludf.XLOOKUP(K90,DB!$A:$A,DB!$BX:$BX)} -> #NAME? | Q100: {=_xludf.XLOOKUP(K90,DB!$A:$A,DB!$BY:$BY)} -> #NAME? | R100: {=_xludf.XLOOKUP(K90,DB!$A:$A,DB!$BZ:$BZ)} -> #NAME? | S100: {=IF(_xludf.IFNA(R100=0,TRUE),_xludf.XLOOKUP(K90-7,DB!$A:$A,DB!$BU:$BU),計算用!$C$4)} -> #NAME? | T100: クリオ村 | U100: {=_xludf.XLOOKUP(T100,計算用!$R$2:$R$36,計算用!$S$2:$S$36)<>19} -> #NAME? | V100: {=_xludf.XLOOKUP(T100,計算用!$R:$R,計算用!$W:$W)} -> #NAME? | W100: {=_xludf.XLOOKUP(T100,計算用!$R:$R,計算用!$Y:$Y)} -> #NAME? | X100: {=_xludf.XLOOKUP(T100,計算用!$R:$R,計算用!$X:$X)} -> #NAME? | Y100: {=_xludf.XLOOKUP(T90,DB!$A:$A,DB!$BX:$BX)} -> #NAME? | Z100: {=_xludf.XLOOKUP(T90,DB!$A:$A,DB!$BY:$BY)} -> #NAME? | AA100: {=_xludf.XLOOKUP(T90,DB!$A:$A,DB!$BZ:$BZ)} -> #NAME? | AB100: {=IF(_xludf.IFNA(AA100=0,TRUE),_xludf.XLOOKUP(T90-7,DB!$A:$A,DB!$BU:$BU),計算用!$C$4)} -> #NAME? | AC100: 廃鉄鉱山採掘場 | AD100: {=_xludf.XLOOKUP(AC100,計算用!$R$2:$R$36,計算用!$S$2:$S$36)<>19} -> #NAME? | AE100: {=_xludf.XLOOKUP(AC100,計算用!$R:$R,計算用!$W:$W)} -> #NAME? | AF100: {=_xludf.XLOOKUP(AC100,計算用!$R:$R,計算用!$Y:$Y)} -> #NAME? | AG100: {=_xludf.XLOOKUP(AC100,計算用!$R:$R,計算用!$X:$X)} -> #NAME? | AH100: {=_xludf.XLOOKUP(AC90,DB!$A:$A,DB!$BX:$BX)} -> #NAME? | AI100: {=_xludf.XLOOKUP(AC90,DB!$A:$A,DB!$BY:$BY)} -> #NAME? | AJ100: {=_xludf.XLOOKUP(AC90,DB!$A:$A,DB!$BZ:$BZ)} -> #NAME? | AK100: {=IF(_xludf.IFNA(AJ100=0,TRUE),_xludf.XLOOKUP(AC90-7,DB!$A:$A,DB!$BU:$BU),計算用!$C$4)} -> #NAME?
B101: =B90+7 -> 45949 | C101: 22時 | D101: 城塞 | E101: 枠 | F101: 人数 | G101: 統一 | H101: 宴会 | I101: 税 | J101: 保有 | K101: =B101+1 -> 45950 | L101: 22時 | M101: 種別 | N101: 枠 | O101: 人数 | P101: 統一 | Q101: 宴会 | R101: 税 | S101: 保有 | T101: =K101+3 -> 45953 | U101: 22時 | V101: 種別 | W101: 枠 | X101: 人数 | Y101: 統一 | Z101: 宴会 | AA101: 税 | AB101: 保有 | AC101: =T101+1 -> 45954 | AD101: 22時 | AE101: 種別 | AF101: 枠 | AG101: 人数 | AH101: 統一 | AI101: 宴会 | AJ101: 税 | AK101: 保有
...

Sheet 結果
B2: 45886 | C2: 22時 | D2: 城塞 | E2: 対戦 | F2: 人数 | G2: 最終占領ギルド | H2: 統一 | I2: 宴会 | J2: 税 | K2: 保有 | L2: =B2+1 -> 45887 | M2: 22時 | N2: 種別 | O2: 対戦 | P2: 人数 | Q2: 最終占領ギルド | R2: 統一 | S2: 宴会 | T2: 税 | U2: 保有 | V2: =L2+3 -> 45890 | W2: 22時 | X2: 種別 | Y2: 対戦 | Z2: 人数 | AA2: 最終占領ギルド | AB2: 統一 | AC2: 宴会 | AD2: 税 | AE2: 保有 | AF2: =V2+1 -> 45891 | AG2: 22時 | AH2: 種別 | AI2: 対戦 | AJ2: 人数 | AK2: 最終占領ギルド | AL2: 統一 | AM2: 宴会 | AN2: 税 | AO2: 保有
B3: デルニール農場 | C3: {=_xludf.XLOOKUP(B3,計算用!$R$2:$R$36,計算用!$S$2:$S$36)<>19} -> #NAME? | D3: {=_xludf.XLOOKUP(B3,計算用!$R:$R,計算用!$W:$W)} -> #NAME? | E3: {=_xludf.let(入札枠,_xludf.XLOOKUP(B3,計算用!$R:$R,計算用!$Y:$Y),対戦数,_xludf.XLOOKUP(B2,DB!$A:$A,DB!$E:$E),REPT("●", 対戦数) & REPT("○", 入札枠 - 対戦数))} -> #NAME? | F3: {=_xludf.XLOOKUP(B3,計算用!$R:$R,計算用!$X:$X)} -> #NAME? | G3: {=_xludf.XLOOKUP(B2,DB!$A:$A,DB!$C:$C)} -> #NAME? | H3: - | I3: {=_xludf.XLOOKUP(B2,DB!$A:$A,DB!$F:$F)} -> #NAME? | J3: {=_xludf.XLOOKUP(B2,DB!$A:$A,DB!$G:$G)} -> #NAME? | K3: {=IF(J3=0,_xludf.XLOOKUP(B2-7,DB!$A:$A,DB!$C:$C),計算用!$C$4)} -> #NAME? | L3: ルツム族駐屯地 | M3: {=_xludf.XLOOKUP(L3,計算用!$R$2:$R$36,計算用!$S$2:$S$36)<>19} -> #NAME? | N3: {=_xludf.XLOOKUP(L3,計算用!$R:$R,計算用!$W:$W)} -> #NAME? | O3: {=_xludf.let(入札枠,_xludf.XLOOKUP(L3,計算用!$R:$R,計算用!$Y:$Y),対戦数,_xludf.XLOOKUP(L2,DB!$A:$A,DB!$E:$E),REPT("●", 対戦数) & REPT("○", 入札枠 - 対戦数))} -> #NAME? | P3: {=_xludf.XLOOKUP(L3,計算用!$R:$R,計算用!$X:$X)} -> #NAME? | Q3: {=_xludf.XLOOKUP(L2,DB!$A:$A,DB!$C:$C)} -> #NAME? | R3: - | S3: {=_xludf.XLOOKUP(L2,DB!$A:$A,DB!$F:$F)} -> #NAME? | T3: {=_xludf.XLOOKUP(L2,DB!$A:$A,DB!$G:$G)} -> #NAME? | U3: {=IF(T3=0,_xludf.XLOOKUP(L2-7,DB!$A:$A,DB!$C:$C),計算用!$C$4)} -> #NAME? | V3: 北部大農場 | W3: {=_xludf.XLOOKUP(V3,計算用!$R$2:$R$36,計算用!$S$2:$S$36)<>19} -> #NAME? | X3: {=_xludf.XLOOKUP(V3,計算用!$R:$R,計算用!$W:$W)} -> #NAME? | Y3: {=_xludf.let(入札枠,_xludf.XLOOKUP(V3,計算用!$R:$R,計算用!$Y:$Y),対戦数,_xludf.XLOOKUP(V2,DB!$A:$A,DB!$E:$E),REPT("●", 対戦数) & REPT("○", 入札枠 - 対戦数))} -> #NAME? | Z3: {=_xludf.XLOOKUP(V3,計算用!$R:$R,計算用!$X:$X)} -> #NAME? | AA3: {=_xludf.XLOOKUP(V2,DB!$A:$A,DB!$C:$C)} -> #NAME? | AB3: - | AC3: {=_xludf.XLOOKUP(V2,DB!$A:$A,DB!$F:$F)} -> #NAME? | AD3: {=_xludf.XLOOKUP(V2,DB!$A:$A,DB!$G:$G)} -> #NAME? | AE3: {=IF(AD3=0,_xludf.XLOOKUP(V2-7,DB!$A:$A,DB!$C:$C),計算用!$C$4)} -> #NAME? | AF3: アグリス祭壇 | AG3: {=_xludf.XLOOKUP(AF3,計算用!$R$2:$R$36,計算用!$S$2:$S$36)<>19} -> #NAME? | AH3: {=_xludf.XLOOKUP(AF3,計算用!$R:$R,計算用!$W:$W)} -> #NAME? | AI3: {=_xludf.let(入札枠,_xludf.XLOOKUP(AF3,計算用!$R:$R,計算用!$Y:$Y),対戦数,_xludf.XLOOKUP(AF2,DB!$A:$A,DB!$E:$E),REPT("●", 対戦数) & REPT("○", 入札枠 - 対戦数))} -> #NAME? | AJ3: {=_xludf.XLOOKUP(AF3,計算用!$R:$R,計算用!$X:$X)} -> #NAME? | AK3: {=_xludf.XLOOKUP(AF2,DB!$A:$A,DB!$C:$C)} -> #NAME? | AL3: - | AM3: {=_xludf.XLOOKUP(AF2,DB!$A:$A,DB!$F:$F)} -> #NAME? | AN3: {=_xludf.XLOOKUP(AF2,DB!$A:$A,DB!$G:$G)} -> #NAME? | AO3: {=IF(AN3=0,_xludf.XLOOKUP(AF2-7,DB!$A:$A,DB!$C:$C),計算用!$C$4)} -> #NAME?
L4: アト農場 | M4: {=_xludf.XLOOKUP(L4,計算用!$R$2:$R$36,計算用!$S$2:$S$36)<>19} -> #NAME? | N4: {=_xludf.XLOOKUP(L4,計算用!$R:$R,計算用!$W:$W)} -> #NAME? | O4: {=_xludf.let(入札枠,_xludf.XLOOKUP(L4,計算用!$R:$R,計算用!$Y:$Y),対戦数,_xludf.XLOOKUP(L2,DB!$A:$A,DB!$L:$L),REPT("●", 対戦数) & REPT("○", 入札枠 - 対戦数))} -> #NAME? | P4: {=_xludf.XLOOKUP(L4,計算用!$R:$R,計算用!$X:$X)} -> #NAME? | Q4: {=_xludf.XLOOKUP(L2,DB!$A:$A,DB!$J:$J)} -> #NAME? | R4: - | S4: {=_xludf.XLOOKUP(L2,DB!$A:$A,DB!$M:$M)} -> #NAME? | T4: {=_xludf.XLOOKUP(L2,DB!$A:$A,DB!$N:$N)} -> #NAME? | U4: {=IF(T4=0,_xludf.XLOOKUP(L2-7,DB!$A:$A,DB!$J:$J),計算用!$C$4)} -> #NAME?
